2026-04-18 00:13:50.536 [WARN] [HikariPool-5:housekeeper] [825] HikariPool-5 - Thread starvation or clock leap detected (housekeeper delta=17m14s806ms).
2026-04-18 00:38:50.660 [INFO] [MessageBroker-1] [147] WebSocketSession[0 current WS(0)-HttpStream(0)-HttpPoll(0), 0 total, 0 closed abnormally (0 connect failure, 0 send limit, 0 transport error)], stompSubProtocol[processed CONNECT(0)-CONNECTED(0)-DISCONNECT(0)], stompBrokerRelay[null], inboundChannel[pool size = 0, active threads = 0, queued tasks = 0, completed tasks = 0], outboundChannel[pool size = 0, active threads = 0, queued tasks = 0, completed tasks = 0], sockJsScheduler[pool size = 2, active threads = 1, queued tasks = 0, completed tasks = 1]
2026-04-18 00:45:47.310 [WARN] [HikariPool-5:housekeeper] [817] HikariPool-5 - Retrograde clock change detected (housekeeper delta=26s19ms), soft-evicting connections from pool.
2026-04-18 01:08:46.683 [INFO] [MessageBroker-2] [147] WebSocketSession[0 current WS(0)-HttpStream(0)-HttpPoll(0), 0 total, 0 closed abnormally (0 connect failure, 0 send limit, 0 transport error)], stompSubProtocol[processed CONNECT(0)-CONNECTED(0)-DISCONNECT(0)], stompBrokerRelay[null], inboundChannel[pool size = 0, active threads = 0, queued tasks = 0, completed tasks = 0], outboundChannel[pool size = 0, active threads = 0, queued tasks = 0, completed tasks = 0], sockJsScheduler[pool size = 3, active threads = 1, queued tasks = 0, completed tasks = 2]
2026-04-18 01:38:48.456 [INFO] [MessageBroker-1] [147] WebSocketSession[0 current WS(0)-HttpStream(0)-HttpPoll(0), 0 total, 0 closed abnormally (0 connect failure, 0 send limit, 0 transport error)], stompSubProtocol[processed CONNECT(0)-CONNECTED(0)-DISCONNECT(0)], stompBrokerRelay[null], inboundChannel[pool size = 0, active threads = 0, queued tasks = 0, completed tasks = 0], outboundChannel[pool size = 0, active threads = 0, queued tasks = 0, completed tasks = 0], sockJsScheduler[pool size = 4, active threads = 1, queued tasks = 0, completed tasks = 3]
2026-04-18 02:08:48.457 [INFO] [MessageBroker-3] [147] WebSocketSession[0 current WS(0)-HttpStream(0)-HttpPoll(0), 0 total, 0 closed abnormally (0 connect failure, 0 send limit, 0 transport error)], stompSubProtocol[processed CONNECT(0)-CONNECTED(0)-DISCONNECT(0)], stompBrokerRelay[null], inboundChannel[pool size = 0, active threads = 0, queued tasks = 0, completed tasks = 0], outboundChannel[pool size = 0, active threads = 0, queued tasks = 0, completed tasks = 0], sockJsScheduler[pool size = 5, active threads = 1, queued tasks = 0, completed tasks = 4]
2026-04-18 02:38:50.835 [INFO] [MessageBroker-2] [147] WebSocketSession[0 current WS(0)-HttpStream(0)-HttpPoll(0), 0 total, 0 closed abnormally (0 connect failure, 0 send limit, 0 transport error)], stompSubProtocol[processed CONNECT(0)-CONNECTED(0)-DISCONNECT(0)], stompBrokerRelay[null], inboundChannel[pool size = 0, active threads = 0, queued tasks = 0, completed tasks = 0], outboundChannel[pool size = 0, active threads = 0, queued tasks = 0, completed tasks = 0], sockJsScheduler[pool size = 6, active threads = 1, queued tasks = 0, completed tasks = 5]
2026-04-18 03:08:50.894 [INFO] [MessageBroker-4] [147] WebSocketSession[0 current WS(0)-HttpStream(0)-HttpPoll(0), 0 total, 0 closed abnormally (0 connect failure, 0 send limit, 0 transport error)], stompSubProtocol[processed CONNECT(0)-CONNECTED(0)-DISCONNECT(0)], stompBrokerRelay[null], inboundChannel[pool size = 0, active threads = 0, queued tasks = 0, completed tasks = 0], outboundChannel[pool size = 0, active threads = 0, queued tasks = 0, completed tasks = 0], sockJsScheduler[pool size = 7, active threads = 1, queued tasks = 0, completed tasks = 6]
2026-04-18 03:38:50.930 [INFO] [MessageBroker-1] [147] WebSocketSession[0 current WS(0)-HttpStream(0)-HttpPoll(0), 0 total, 0 closed abnormally (0 connect failure, 0 send limit, 0 transport error)], stompSubProtocol[processed CONNECT(0)-CONNECTED(0)-DISCONNECT(0)], stompBrokerRelay[null], inboundChannel[pool size = 0, active threads = 0, queued tasks = 0, completed tasks = 0], outboundChannel[pool size = 0, active threads = 0, queued tasks = 0, completed tasks = 0], sockJsScheduler[pool size = 8, active threads = 1, queued tasks = 0, completed tasks = 7]
2026-04-18 04:08:50.974 [INFO] [MessageBroker-1] [147] WebSocketSession[0 current WS(0)-HttpStream(0)-HttpPoll(0), 0 total, 0 closed abnormally (0 connect failure, 0 send limit, 0 transport error)], stompSubProtocol[processed CONNECT(0)-CONNECTED(0)-DISCONNECT(0)], stompBrokerRelay[null], inboundChannel[pool size = 0, active threads = 0, queued tasks = 0, completed tasks = 0], outboundChannel[pool size = 0, active threads = 0, queued tasks = 0, completed tasks = 0], sockJsScheduler[pool size = 8, active threads = 1, queued tasks = 0, completed tasks = 8]
2026-04-18 04:38:51.003 [INFO] [MessageBroker-1] [147] WebSocketSession[0 current WS(0)-HttpStream(0)-HttpPoll(0), 0 total, 0 closed abnormally (0 connect failure, 0 send limit, 0 transport error)], stompSubProtocol[processed CONNECT(0)-CONNECTED(0)-DISCONNECT(0)], stompBrokerRelay[null], inboundChannel[pool size = 0, active threads = 0, queued tasks = 0, completed tasks = 0], outboundChannel[pool size = 0, active threads = 0, queued tasks = 0, completed tasks = 0], sockJsScheduler[pool size = 8, active threads = 1, queued tasks = 0, completed tasks = 9]
2026-04-18 04:51:54.292 [WARN] [HikariPool-5:housekeeper] [817] HikariPool-5 - Retrograde clock change detected (housekeeper delta=29s356ms), soft-evicting connections from pool.
2026-04-18 05:08:50.386 [INFO] [MessageBroker-1] [147] WebSocketSession[0 current WS(0)-HttpStream(0)-HttpPoll(0), 0 total, 0 closed abnormally (0 connect failure, 0 send limit, 0 transport error)], stompSubProtocol[processed CONNECT(0)-CONNECTED(0)-DISCONNECT(0)], stompBrokerRelay[null], inboundChannel[pool size = 0, active threads = 0, queued tasks = 0, completed tasks = 0], outboundChannel[pool size = 0, active threads = 0, queued tasks = 0, completed tasks = 0], sockJsScheduler[pool size = 8, active threads = 1, queued tasks = 0, completed tasks = 10]
2026-04-18 05:38:51.043 [INFO] [MessageBroker-1] [147] WebSocketSession[0 current WS(0)-HttpStream(0)-HttpPoll(0), 0 total, 0 closed abnormally (0 connect failure, 0 send limit, 0 transport error)], stompSubProtocol[processed CONNECT(0)-CONNECTED(0)-DISCONNECT(0)], stompBrokerRelay[null], inboundChannel[pool size = 0, active threads = 0, queued tasks = 0, completed tasks = 0], outboundChannel[pool size = 0, active threads = 0, queued tasks = 0, completed tasks = 0], sockJsScheduler[pool size = 8, active threads = 1, queued tasks = 0, completed tasks = 11]
2026-04-18 06:08:51.068 [INFO] [MessageBroker-1] [147] WebSocketSession[0 current WS(0)-HttpStream(0)-HttpPoll(0), 0 total, 0 closed abnormally (0 connect failure, 0 send limit, 0 transport error)], stompSubProtocol[processed CONNECT(0)-CONNECTED(0)-DISCONNECT(0)], stompBrokerRelay[null], inboundChannel[pool size = 0, active threads = 0, queued tasks = 0, completed tasks = 0], outboundChannel[pool size = 0, active threads = 0, queued tasks = 0, completed tasks = 0], sockJsScheduler[pool size = 8, active threads = 1, queued tasks = 0, completed tasks = 12]
2026-04-18 06:11:54.006 [WARN] [HikariPool-5:housekeeper] [817] HikariPool-5 - Retrograde clock change detected (housekeeper delta=27s974ms), soft-evicting connections from pool.
2026-04-18 06:38:49.080 [INFO] [MessageBroker-1] [147] WebSocketSession[0 current WS(0)-HttpStream(0)-HttpPoll(0), 0 total, 0 closed abnormally (0 connect failure, 0 send limit, 0 transport error)], stompSubProtocol[processed CONNECT(0)-CONNECTED(0)-DISCONNECT(0)], stompBrokerRelay[null], inboundChannel[pool size = 0, active threads = 0, queued tasks = 0, completed tasks = 0], outboundChannel[pool size = 0, active threads = 0, queued tasks = 0, completed tasks = 0], sockJsScheduler[pool size = 8, active threads = 1, queued tasks = 0, completed tasks = 13]
2026-04-18 07:08:49.138 [INFO] [MessageBroker-1] [147] WebSocketSession[0 current WS(0)-HttpStream(0)-HttpPoll(0), 0 total, 0 closed abnormally (0 connect failure, 0 send limit, 0 transport error)], stompSubProtocol[processed CONNECT(0)-CONNECTED(0)-DISCONNECT(0)], stompBrokerRelay[null], inboundChannel[pool size = 0, active threads = 0, queued tasks = 0, completed tasks = 0], outboundChannel[pool size = 0, active threads = 0, queued tasks = 0, completed tasks = 0], sockJsScheduler[pool size = 8, active threads = 1, queued tasks = 0, completed tasks = 14]
2026-04-18 07:38:49.170 [INFO] [MessageBroker-1] [147] WebSocketSession[0 current WS(0)-HttpStream(0)-HttpPoll(0), 0 total, 0 closed abnormally (0 connect failure, 0 send limit, 0 transport error)], stompSubProtocol[processed CONNECT(0)-CONNECTED(0)-DISCONNECT(0)], stompBrokerRelay[null], inboundChannel[pool size = 0, active threads = 0, queued tasks = 0, completed tasks = 0], outboundChannel[pool size = 0, active threads = 0, queued tasks = 0, completed tasks = 0], sockJsScheduler[pool size = 8, active threads = 1, queued tasks = 0, completed tasks = 15]
2026-04-18 08:08:49.227 [INFO] [MessageBroker-1] [147] WebSocketSession[0 current WS(0)-HttpStream(0)-HttpPoll(0), 0 total, 0 closed abnormally (0 connect failure, 0 send limit, 0 transport error)], stompSubProtocol[processed CONNECT(0)-CONNECTED(0)-DISCONNECT(0)], stompBrokerRelay[null], inboundChannel[pool size = 0, active threads = 0, queued tasks = 0, completed tasks = 0], outboundChannel[pool size = 0, active threads = 0, queued tasks = 0, completed tasks = 0], sockJsScheduler[pool size = 8, active threads = 1, queued tasks = 0, completed tasks = 16]
2026-04-18 08:38:50.746 [INFO] [MessageBroker-1] [147] WebSocketSession[0 current WS(0)-HttpStream(0)-HttpPoll(0), 0 total, 0 closed abnormally (0 connect failure, 0 send limit, 0 transport error)], stompSubProtocol[processed CONNECT(0)-CONNECTED(0)-DISCONNECT(0)], stompBrokerRelay[null], inboundChannel[pool size = 0, active threads = 0, queued tasks = 0, completed tasks = 0], outboundChannel[pool size = 0, active threads = 0, queued tasks = 0, completed tasks = 0], sockJsScheduler[pool size = 8, active threads = 1, queued tasks = 0, completed tasks = 17]
2026-04-18 09:08:58.979 [INFO] [MessageBroker-2] [147] WebSocketSession[0 current WS(0)-HttpStream(0)-HttpPoll(0), 0 total, 0 closed abnormally (0 connect failure, 0 send limit, 0 transport error)], stompSubProtocol[processed CONNECT(0)-CONNECTED(0)-DISCONNECT(0)], stompBrokerRelay[null], inboundChannel[pool size = 0, active threads = 0, queued tasks = 0, completed tasks = 0], outboundChannel[pool size = 0, active threads = 0, queued tasks = 0, completed tasks = 0], sockJsScheduler[pool size = 8, active threads = 1, queued tasks = 0, completed tasks = 18]
2026-04-18 09:30:16.067 [WARN] [HikariPool-5:housekeeper] [825] HikariPool-5 - Thread starvation or clock leap detected (housekeeper delta=15m48s220ms).
2026-04-18 09:37:15.347 [WARN] [HikariPool-5:housekeeper] [825] HikariPool-5 - Thread starvation or clock leap detected (housekeeper delta=6m29s263ms).
2026-04-18 09:52:09.535 [WARN] [HikariPool-5:housekeeper] [825] HikariPool-5 - Thread starvation or clock leap detected (housekeeper delta=14m54s186ms).
2026-04-18 10:09:50.308 [WARN] [HikariPool-5:housekeeper] [825] HikariPool-5 - Thread starvation or clock leap detected (housekeeper delta=17m10s757ms).
2026-04-18 10:26:40.553 [WARN] [HikariPool-5:housekeeper] [825] HikariPool-5 - Thread starvation or clock leap detected (housekeeper delta=15m40s826ms).
2026-04-18 10:44:10.622 [WARN] [HikariPool-5:housekeeper] [825] HikariPool-5 - Thread starvation or clock leap detected (housekeeper delta=17m48ms).
2026-04-18 10:53:08.618 [WARN] [HikariPool-5:housekeeper] [825] HikariPool-5 - Thread starvation or clock leap detected (housekeeper delta=8m57s997ms).
2026-04-18 11:11:16.917 [WARN] [HikariPool-5:housekeeper] [825] HikariPool-5 - Thread starvation or clock leap detected (housekeeper delta=17m38s281ms).
2026-04-18 11:28:46.325 [WARN] [HikariPool-5:housekeeper] [825] HikariPool-5 - Thread starvation or clock leap detected (housekeeper delta=16m59s393ms).
2026-04-18 11:44:46.475 [WARN] [HikariPool-5:housekeeper] [825] HikariPool-5 - Thread starvation or clock leap detected (housekeeper delta=16m150ms).
2026-04-18 11:54:28.221 [WARN] [HikariPool-5:housekeeper] [825] HikariPool-5 - Thread starvation or clock leap detected (housekeeper delta=9m11s727ms).
2026-04-18 12:11:01.328 [WARN] [HikariPool-5:housekeeper] [825] HikariPool-5 - Thread starvation or clock leap detected (housekeeper delta=16m33s106ms).
2026-04-18 12:38:58.471 [WARN] [HikariPool-5:housekeeper] [825] HikariPool-5 - Thread starvation or clock leap detected (housekeeper delta=15m56s931ms).
2026-04-18 12:54:43.460 [WARN] [HikariPool-5:housekeeper] [825] HikariPool-5 - Thread starvation or clock leap detected (housekeeper delta=15m44s987ms).
2026-04-18 13:12:36.663 [WARN] [HikariPool-5:housekeeper] [825] HikariPool-5 - Thread starvation or clock leap detected (housekeeper delta=17m23s181ms).
2026-04-18 13:30:07.588 [WARN] [HikariPool-5:housekeeper] [825] HikariPool-5 - Thread starvation or clock leap detected (housekeeper delta=17m30s925ms).
2026-04-18 13:30:08.289 [INFO] [MessageBroker-2] [147] WebSocketSession[0 current WS(0)-HttpStream(0)-HttpPoll(0), 0 total, 0 closed abnormally (0 connect failure, 0 send limit, 0 transport error)], stompSubProtocol[processed CONNECT(0)-CONNECTED(0)-DISCONNECT(0)], stompBrokerRelay[null], inboundChannel[pool size = 0, active threads = 0, queued tasks = 0, completed tasks = 0], outboundChannel[pool size = 0, active threads = 0, queued tasks = 0, completed tasks = 0], sockJsScheduler[pool size = 8, active threads = 1, queued tasks = 0, completed tasks = 19]
2026-04-18 13:32:11.787 [WARN] [HikariPool-5:housekeeper] [825] HikariPool-5 - Thread starvation or clock leap detected (housekeeper delta=1m34s182ms).
2026-04-18 13:36:09.836 [INFO] [http-nio-8080-exec-1] [168] Initializing Spring DispatcherServlet 'dispatcherServlet'
2026-04-18 13:36:09.849 [INFO] [http-nio-8080-exec-1] [523] Initializing Servlet 'dispatcherServlet'
2026-04-18 13:36:10.062 [INFO] [http-nio-8080-exec-1] [545] Completed initialization in 213 ms
2026-04-18 13:36:10.117 [WARN] [http-nio-8080-exec-1] [522] Cache miss for REQUEST dispatch to '/kumo/api/login' (previous null). Performing CorsConfiguration lookup. This is logged once only at WARN level, and every time at TRACE.
2026-04-18 13:42:11.067 [WARN] [HikariPool-5:housekeeper] [825] HikariPool-5 - Thread starvation or clock leap detected (housekeeper delta=1m58s137ms).
2026-04-18 13:49:09.948 [WARN] [HikariPool-5:housekeeper] [825] HikariPool-5 - Thread starvation or clock leap detected (housekeeper delta=6m58s870ms).
2026-04-18 14:09:10.490 [INFO] [MessageBroker-2] [147] WebSocketSession[0 current WS(0)-HttpStream(0)-HttpPoll(0), 0 total, 0 closed abnormally (0 connect failure, 0 send limit, 0 transport error)], stompSubProtocol[processed CONNECT(0)-CONNECTED(0)-DISCONNECT(0)], stompBrokerRelay[null], inboundChannel[pool size = 0, active threads = 0, queued tasks = 0, completed tasks = 0], outboundChannel[pool size = 0, active threads = 0, queued tasks = 0, completed tasks = 0], sockJsScheduler[pool size = 8, active threads = 1, queued tasks = 0, completed tasks = 20]
2026-04-18 14:39:11.186 [INFO] [MessageBroker-2] [147] WebSocketSession[0 current WS(0)-HttpStream(0)-HttpPoll(0), 0 total, 0 closed abnormally (0 connect failure, 0 send limit, 0 transport error)], stompSubProtocol[processed CONNECT(0)-CONNECTED(0)-DISCONNECT(0)], stompBrokerRelay[null], inboundChannel[pool size = 0, active threads = 0, queued tasks = 0, completed tasks = 0], outboundChannel[pool size = 0, active threads = 0, queued tasks = 0, completed tasks = 0], sockJsScheduler[pool size = 8, active threads = 1, queued tasks = 0, completed tasks = 21]
2026-04-18 14:40:53.823 [INFO] [File Watcher] [214] Restarting due to 1 class path change (0 additions, 1 deletion, 0 modifications)
2026-04-18 14:40:54.062 [INFO] [Thread-17] [54] Commencing graceful shutdown. Waiting for active requests to complete
2026-04-18 14:40:54.117 [INFO] [tomcat-shutdown] [76] Graceful shutdown complete
2026-04-18 14:40:54.150 [INFO] [Thread-17] [117] Stopping...
2026-04-18 14:40:54.152 [INFO] [Thread-17] [117] BrokerAvailabilityEvent[available=false, SimpleBrokerMessageHandler [org.springframework.messaging.simp.broker.DefaultSubscriptionRegistry@7b220f7a]]
2026-04-18 14:40:54.154 [INFO] [Thread-17] [117] Stopped.
2026-04-18 14:40:54.375 [INFO] [Thread-17] [693] Closing JPA EntityManagerFactory for persistence unit 'default'
2026-04-18 14:40:54.403 [INFO] [Thread-17] [349] HikariPool-5 - Shutdown initiated...
2026-04-18 14:40:54.427 [INFO] [Thread-17] [351] HikariPool-5 - Shutdown completed.
2026-04-18 14:40:55.590 [INFO] [restartedMain] [54] Starting KumoApplication using Java 17.0.16 with PID 71924 (/Users/Rainbow_1/IdeaProjects/kumo/target/classes started by pipishrimp in /Users/Rainbow_1/IdeaProjects/kumo)
2026-04-18 14:40:55.590 [DEBUG] [restartedMain] [55] Running with Spring Boot v4.0.5, Spring v7.0.6
2026-04-18 14:40:55.590 [INFO] [restartedMain] [652] No active profile set, falling back to 1 default profile: "default"
2026-04-18 14:40:56.196 [INFO] [restartedMain] [291] Multiple Spring Data modules found, entering strict repository configuration mode
2026-04-18 14:40:56.207 [INFO] [restartedMain] [145] Bootstrapping Spring Data JPA repositories in DEFAULT mode.
2026-04-18 14:40:56.357 [INFO] [restartedMain] [213] Finished Spring Data repository scanning in 128 ms. Found 4 JPA repository interfaces.
2026-04-18 14:40:56.406 [INFO] [restartedMain] [291] Multiple Spring Data modules found, entering strict repository configuration mode
2026-04-18 14:40:56.406 [INFO] [restartedMain] [145] Bootstrapping Spring Data Redis repositories in DEFAULT mode.
2026-04-18 14:40:56.430 [INFO] [restartedMain] [327] Spring Data Redis - Could not safely identify store assignment for repository candidate interface tw.idv.rainbow.web.repository.CampaignsRepository; If you want this repository to be a Redis repository, consider annotating your entities with one of these annotations: org.springframework.data.redis.core.RedisHash (preferred), or consider extending one of the following types with your repository: org.springframework.data.keyvalue.repository.KeyValueRepository
2026-04-18 14:40:56.431 [INFO] [restartedMain] [327] Spring Data Redis - Could not safely identify store assignment for repository candidate interface tw.idv.rainbow.web.repository.ConnectLogsRepository; If you want this repository to be a Redis repository, consider annotating your entities with one of these annotations: org.springframework.data.redis.core.RedisHash (preferred), or consider extending one of the following types with your repository: org.springframework.data.keyvalue.repository.KeyValueRepository
2026-04-18 14:40:56.432 [INFO] [restartedMain] [327] Spring Data Redis - Could not safely identify store assignment for repository candidate interface tw.idv.rainbow.web.repository.DevicesRepository; If you want this repository to be a Redis repository, consider annotating your entities with one of these annotations: org.springframework.data.redis.core.RedisHash (preferred), or consider extending one of the following types with your repository: org.springframework.data.keyvalue.repository.KeyValueRepository
2026-04-18 14:40:56.434 [INFO] [restartedMain] [327] Spring Data Redis - Could not safely identify store assignment for repository candidate interface tw.idv.rainbow.web.repository.StatusRefRepository; If you want this repository to be a Redis repository, consider annotating your entities with one of these annotations: org.springframework.data.redis.core.RedisHash (preferred), or consider extending one of the following types with your repository: org.springframework.data.keyvalue.repository.KeyValueRepository
2026-04-18 14:40:56.436 [INFO] [restartedMain] [213] Finished Spring Data repository scanning in 17 ms. Found 0 Redis repository interfaces.
2026-04-18 14:40:56.965 [INFO] [restartedMain] [114] Tomcat initialized with port 8080 (http)
2026-04-18 14:40:56.973 [INFO] [restartedMain] [168] Starting service [Tomcat]
2026-04-18 14:40:56.974 [INFO] [restartedMain] [168] Starting Servlet engine: [Apache Tomcat/11.0.20]
2026-04-18 14:40:57.069 [INFO] [restartedMain] [77] Root WebApplicationContext: initialization completed in 1475 ms
2026-04-18 14:40:57.253 [DEBUG] [restartedMain] [236] Filter 'jwtFilter' configured for use
2026-04-18 14:40:57.374 [INFO] [restartedMain] [109] HikariPool-6 - Starting...
2026-04-18 14:40:57.482 [INFO] [restartedMain] [580] HikariPool-6 - Added connection com.mysql.cj.jdbc.ConnectionImpl@39c2c4e6
2026-04-18 14:40:57.484 [INFO] [restartedMain] [122] HikariPool-6 - Start completed.
2026-04-18 14:40:57.492 [INFO] [restartedMain] [102] HHH008540: Processing PersistenceUnitInfo [name: default]
2026-04-18 14:40:57.645 [INFO] [restartedMain] [129] No LoadTimeWeaver setup: ignoring JPA class transformer
2026-04-18 14:40:57.658 [WARN] [restartedMain] [152] HHH90000025: MySQLDialect does not need to be specified explicitly using 'hibernate.dialect' (remove the property setting and it will be selected by default)
2026-04-18 14:40:57.666 [INFO] [restartedMain] [179] HHH10001005: Database info:
	Database JDBC URL [jdbc:mysql://localhost:3307/KUMO]
	Database driver: MySQL Connector/J
	Database dialect: MySQLDialect
	Database version: 8.0.36
	Default catalog/schema: KUMO/undefined
	Autocommit mode: undefined/unknown
	Isolation level: REPEATABLE_READ [default REPEATABLE_READ]
	JDBC fetch size: none
	Pool: DataSourceConnectionProvider
	Minimum pool size: undefined/unknown
	Maximum pool size: undefined/unknown
2026-04-18 14:40:58.324 [INFO] [restartedMain] [53] HHH000489: No JTA platform available (set 'hibernate.transaction.jta.platform' to enable JTA platform integration)
2026-04-18 14:40:58.328 [INFO] [restartedMain] [464] Initialized JPA EntityManagerFactory for persistence unit 'default'
2026-04-18 14:40:59.420 [WARN] [restartedMain] [247] spring.jpa.open-in-view is enabled by default. Therefore, database queries may be performed during view rendering. Explicitly configure spring.jpa.open-in-view to disable this warning
2026-04-18 14:40:59.436 [WARN] [restartedMain] [83] 

Using generated security password: fc6a0881-c036-40de-a17c-5dceedf8a7c7

This generated password is for development use only. Your security configuration must be updated before running your application in production.

2026-04-18 14:40:59.437 [INFO] [restartedMain] [110] Global AuthenticationManager configured with UserDetailsService bean with name inMemoryUserDetailsManager
2026-04-18 14:40:59.542 [INFO] [restartedMain] [48] Failed to set up a Bean Validation provider: jakarta.validation.NoProviderFoundException: Unable to create a Configuration, because no Jakarta Validation provider could be found. Add a provider like Hibernate Validator (RI) to your classpath.
2026-04-18 14:40:59.741 [INFO] [restartedMain] [117] Starting...
2026-04-18 14:40:59.742 [INFO] [restartedMain] [117] BrokerAvailabilityEvent[available=true, SimpleBrokerMessageHandler [org.springframework.messaging.simp.broker.DefaultSubscriptionRegistry@5dc5de0f]]
2026-04-18 14:40:59.743 [INFO] [restartedMain] [117] Started.
2026-04-18 14:40:59.752 [INFO] [restartedMain] [240] Tomcat started on port 8080 (http) with context path '/kumo/api'
2026-04-18 14:40:59.758 [INFO] [restartedMain] [60] Started KumoApplication in 4.217 seconds (process running for 38386.467)
2026-04-18 14:40:59.761 [INFO] [restartedMain] [66] Condition evaluation unchanged
2026-04-18 14:41:01.092 [INFO] [File Watcher] [214] Restarting due to 1 class path change (1 addition, 0 deletions, 0 modifications)
2026-04-18 14:41:01.107 [INFO] [Thread-21] [54] Commencing graceful shutdown. Waiting for active requests to complete
2026-04-18 14:41:01.112 [INFO] [tomcat-shutdown] [76] Graceful shutdown complete
2026-04-18 14:41:01.113 [INFO] [Thread-21] [117] Stopping...
2026-04-18 14:41:01.114 [INFO] [Thread-21] [117] BrokerAvailabilityEvent[available=false, SimpleBrokerMessageHandler [org.springframework.messaging.simp.broker.DefaultSubscriptionRegistry@5dc5de0f]]
2026-04-18 14:41:01.114 [INFO] [Thread-21] [117] Stopped.
2026-04-18 14:41:01.120 [INFO] [Thread-21] [693] Closing JPA EntityManagerFactory for persistence unit 'default'
2026-04-18 14:41:01.122 [INFO] [Thread-21] [349] HikariPool-6 - Shutdown initiated...
2026-04-18 14:41:01.133 [INFO] [Thread-21] [351] HikariPool-6 - Shutdown completed.
2026-04-18 14:41:01.289 [INFO] [restartedMain] [54] Starting KumoApplication using Java 17.0.16 with PID 71924 (/Users/Rainbow_1/IdeaProjects/kumo/target/classes started by pipishrimp in /Users/Rainbow_1/IdeaProjects/kumo)
2026-04-18 14:41:01.289 [DEBUG] [restartedMain] [55] Running with Spring Boot v4.0.5, Spring v7.0.6
2026-04-18 14:41:01.290 [INFO] [restartedMain] [652] No active profile set, falling back to 1 default profile: "default"
2026-04-18 14:41:01.434 [INFO] [restartedMain] [291] Multiple Spring Data modules found, entering strict repository configuration mode
2026-04-18 14:41:01.434 [INFO] [restartedMain] [145] Bootstrapping Spring Data JPA repositories in DEFAULT mode.
2026-04-18 14:41:01.440 [INFO] [restartedMain] [213] Finished Spring Data repository scanning in 5 ms. Found 4 JPA repository interfaces.
2026-04-18 14:41:01.444 [INFO] [restartedMain] [291] Multiple Spring Data modules found, entering strict repository configuration mode
2026-04-18 14:41:01.444 [INFO] [restartedMain] [145] Bootstrapping Spring Data Redis repositories in DEFAULT mode.
2026-04-18 14:41:01.446 [INFO] [restartedMain] [327] Spring Data Redis - Could not safely identify store assignment for repository candidate interface tw.idv.rainbow.web.repository.CampaignsRepository; If you want this repository to be a Redis repository, consider annotating your entities with one of these annotations: org.springframework.data.redis.core.RedisHash (preferred), or consider extending one of the following types with your repository: org.springframework.data.keyvalue.repository.KeyValueRepository
2026-04-18 14:41:01.446 [INFO] [restartedMain] [327] Spring Data Redis - Could not safely identify store assignment for repository candidate interface tw.idv.rainbow.web.repository.ConnectLogsRepository; If you want this repository to be a Redis repository, consider annotating your entities with one of these annotations: org.springframework.data.redis.core.RedisHash (preferred), or consider extending one of the following types with your repository: org.springframework.data.keyvalue.repository.KeyValueRepository
2026-04-18 14:41:01.446 [INFO] [restartedMain] [327] Spring Data Redis - Could not safely identify store assignment for repository candidate interface tw.idv.rainbow.web.repository.DevicesRepository; If you want this repository to be a Redis repository, consider annotating your entities with one of these annotations: org.springframework.data.redis.core.RedisHash (preferred), or consider extending one of the following types with your repository: org.springframework.data.keyvalue.repository.KeyValueRepository
2026-04-18 14:41:01.446 [INFO] [restartedMain] [327] Spring Data Redis - Could not safely identify store assignment for repository candidate interface tw.idv.rainbow.web.repository.StatusRefRepository; If you want this repository to be a Redis repository, consider annotating your entities with one of these annotations: org.springframework.data.redis.core.RedisHash (preferred), or consider extending one of the following types with your repository: org.springframework.data.keyvalue.repository.KeyValueRepository
2026-04-18 14:41:01.446 [INFO] [restartedMain] [213] Finished Spring Data repository scanning in 1 ms. Found 0 Redis repository interfaces.
2026-04-18 14:41:01.510 [INFO] [restartedMain] [114] Tomcat initialized with port 8080 (http)
2026-04-18 14:41:01.511 [INFO] [restartedMain] [168] Starting service [Tomcat]
2026-04-18 14:41:01.511 [INFO] [restartedMain] [168] Starting Servlet engine: [Apache Tomcat/11.0.20]
2026-04-18 14:41:01.518 [INFO] [restartedMain] [77] Root WebApplicationContext: initialization completed in 228 ms
2026-04-18 14:41:01.528 [DEBUG] [restartedMain] [236] Filter 'jwtFilter' configured for use
2026-04-18 14:41:01.540 [INFO] [restartedMain] [109] HikariPool-7 - Starting...
2026-04-18 14:41:01.575 [INFO] [restartedMain] [580] HikariPool-7 - Added connection com.mysql.cj.jdbc.ConnectionImpl@38537d65
2026-04-18 14:41:01.575 [INFO] [restartedMain] [122] HikariPool-7 - Start completed.
2026-04-18 14:41:01.575 [INFO] [restartedMain] [102] HHH008540: Processing PersistenceUnitInfo [name: default]
2026-04-18 14:41:01.590 [INFO] [restartedMain] [129] No LoadTimeWeaver setup: ignoring JPA class transformer
2026-04-18 14:41:01.592 [WARN] [restartedMain] [152] HHH90000025: MySQLDialect does not need to be specified explicitly using 'hibernate.dialect' (remove the property setting and it will be selected by default)
2026-04-18 14:41:01.593 [INFO] [restartedMain] [179] HHH10001005: Database info:
	Database JDBC URL [jdbc:mysql://localhost:3307/KUMO]
	Database driver: MySQL Connector/J
	Database dialect: MySQLDialect
	Database version: 8.0.36
	Default catalog/schema: KUMO/undefined
	Autocommit mode: undefined/unknown
	Isolation level: REPEATABLE_READ [default REPEATABLE_READ]
	JDBC fetch size: none
	Pool: DataSourceConnectionProvider
	Minimum pool size: undefined/unknown
	Maximum pool size: undefined/unknown
2026-04-18 14:41:01.639 [INFO] [restartedMain] [53] HHH000489: No JTA platform available (set 'hibernate.transaction.jta.platform' to enable JTA platform integration)
2026-04-18 14:41:01.639 [INFO] [restartedMain] [464] Initialized JPA EntityManagerFactory for persistence unit 'default'
2026-04-18 14:41:01.761 [WARN] [restartedMain] [247] spring.jpa.open-in-view is enabled by default. Therefore, database queries may be performed during view rendering. Explicitly configure spring.jpa.open-in-view to disable this warning
2026-04-18 14:41:01.766 [WARN] [restartedMain] [83] 

Using generated security password: b312457f-b797-4173-a069-be8a0b490f33

This generated password is for development use only. Your security configuration must be updated before running your application in production.

2026-04-18 14:41:01.767 [INFO] [restartedMain] [110] Global AuthenticationManager configured with UserDetailsService bean with name inMemoryUserDetailsManager
2026-04-18 14:41:01.817 [INFO] [restartedMain] [48] Failed to set up a Bean Validation provider: jakarta.validation.NoProviderFoundException: Unable to create a Configuration, because no Jakarta Validation provider could be found. Add a provider like Hibernate Validator (RI) to your classpath.
2026-04-18 14:41:01.876 [INFO] [restartedMain] [117] Starting...
2026-04-18 14:41:01.877 [INFO] [restartedMain] [117] BrokerAvailabilityEvent[available=true, SimpleBrokerMessageHandler [org.springframework.messaging.simp.broker.DefaultSubscriptionRegistry@68697294]]
2026-04-18 14:41:01.877 [INFO] [restartedMain] [117] Started.
2026-04-18 14:41:01.878 [INFO] [restartedMain] [240] Tomcat started on port 8080 (http) with context path '/kumo/api'
2026-04-18 14:41:01.880 [INFO] [restartedMain] [60] Started KumoApplication in 0.606 seconds (process running for 38388.589)
2026-04-18 14:41:01.881 [INFO] [restartedMain] [66] Condition evaluation unchanged
2026-04-18 14:42:01.886 [INFO] [MessageBroker-1] [147] WebSocketSession[0 current WS(0)-HttpStream(0)-HttpPoll(0), 0 total, 0 closed abnormally (0 connect failure, 0 send limit, 0 transport error)], stompSubProtocol[processed CONNECT(0)-CONNECTED(0)-DISCONNECT(0)], stompBrokerRelay[null], inboundChannel[pool size = 0, active threads = 0, queued tasks = 0, completed tasks = 0], outboundChannel[pool size = 0, active threads = 0, queued tasks = 0, completed tasks = 0], sockJsScheduler[pool size = 1, active threads = 1, queued tasks = 0, completed tasks = 0]
2026-04-18 14:50:20.589 [INFO] [File Watcher] [214] Restarting due to 1 class path change (0 additions, 1 deletion, 0 modifications)
2026-04-18 14:50:20.805 [INFO] [Thread-25] [54] Commencing graceful shutdown. Waiting for active requests to complete
2026-04-18 14:50:20.835 [INFO] [tomcat-shutdown] [76] Graceful shutdown complete
2026-04-18 14:50:20.853 [INFO] [Thread-25] [117] Stopping...
2026-04-18 14:50:20.854 [INFO] [Thread-25] [117] BrokerAvailabilityEvent[available=false, SimpleBrokerMessageHandler [org.springframework.messaging.simp.broker.DefaultSubscriptionRegistry@68697294]]
2026-04-18 14:50:20.855 [INFO] [Thread-25] [117] Stopped.
2026-04-18 14:50:20.928 [INFO] [Thread-25] [693] Closing JPA EntityManagerFactory for persistence unit 'default'
2026-04-18 14:50:20.972 [INFO] [Thread-25] [349] HikariPool-7 - Shutdown initiated...
2026-04-18 14:50:21.000 [INFO] [Thread-25] [351] HikariPool-7 - Shutdown completed.
2026-04-18 14:50:21.592 [INFO] [restartedMain] [54] Starting KumoApplication using Java 17.0.16 with PID 71924 (/Users/Rainbow_1/IdeaProjects/kumo/target/classes started by pipishrimp in /Users/Rainbow_1/IdeaProjects/kumo)
2026-04-18 14:50:21.593 [DEBUG] [restartedMain] [55] Running with Spring Boot v4.0.5, Spring v7.0.6
2026-04-18 14:50:21.593 [INFO] [restartedMain] [652] No active profile set, falling back to 1 default profile: "default"
2026-04-18 14:50:21.789 [INFO] [restartedMain] [291] Multiple Spring Data modules found, entering strict repository configuration mode
2026-04-18 14:50:21.789 [INFO] [restartedMain] [145] Bootstrapping Spring Data JPA repositories in DEFAULT mode.
2026-04-18 14:50:21.802 [INFO] [restartedMain] [213] Finished Spring Data repository scanning in 11 ms. Found 4 JPA repository interfaces.
2026-04-18 14:50:21.817 [INFO] [restartedMain] [291] Multiple Spring Data modules found, entering strict repository configuration mode
2026-04-18 14:50:21.817 [INFO] [restartedMain] [145] Bootstrapping Spring Data Redis repositories in DEFAULT mode.
2026-04-18 14:50:21.822 [INFO] [restartedMain] [327] Spring Data Redis - Could not safely identify store assignment for repository candidate interface tw.idv.rainbow.web.repository.CampaignsRepository; If you want this repository to be a Redis repository, consider annotating your entities with one of these annotations: org.springframework.data.redis.core.RedisHash (preferred), or consider extending one of the following types with your repository: org.springframework.data.keyvalue.repository.KeyValueRepository
2026-04-18 14:50:21.822 [INFO] [restartedMain] [327] Spring Data Redis - Could not safely identify store assignment for repository candidate interface tw.idv.rainbow.web.repository.ConnectLogsRepository; If you want this repository to be a Redis repository, consider annotating your entities with one of these annotations: org.springframework.data.redis.core.RedisHash (preferred), or consider extending one of the following types with your repository: org.springframework.data.keyvalue.repository.KeyValueRepository
2026-04-18 14:50:21.822 [INFO] [restartedMain] [327] Spring Data Redis - Could not safely identify store assignment for repository candidate interface tw.idv.rainbow.web.repository.DevicesRepository; If you want this repository to be a Redis repository, consider annotating your entities with one of these annotations: org.springframework.data.redis.core.RedisHash (preferred), or consider extending one of the following types with your repository: org.springframework.data.keyvalue.repository.KeyValueRepository
2026-04-18 14:50:21.823 [INFO] [restartedMain] [327] Spring Data Redis - Could not safely identify store assignment for repository candidate interface tw.idv.rainbow.web.repository.StatusRefRepository; If you want this repository to be a Redis repository, consider annotating your entities with one of these annotations: org.springframework.data.redis.core.RedisHash (preferred), or consider extending one of the following types with your repository: org.springframework.data.keyvalue.repository.KeyValueRepository
2026-04-18 14:50:21.823 [INFO] [restartedMain] [213] Finished Spring Data repository scanning in 3 ms. Found 0 Redis repository interfaces.
2026-04-18 14:50:22.197 [INFO] [restartedMain] [114] Tomcat initialized with port 8080 (http)
2026-04-18 14:50:22.199 [INFO] [restartedMain] [168] Starting service [Tomcat]
2026-04-18 14:50:22.200 [INFO] [restartedMain] [168] Starting Servlet engine: [Apache Tomcat/11.0.20]
2026-04-18 14:50:22.235 [INFO] [restartedMain] [77] Root WebApplicationContext: initialization completed in 640 ms
2026-04-18 14:50:22.261 [DEBUG] [restartedMain] [236] Filter 'jwtFilter' configured for use
2026-04-18 14:50:22.297 [INFO] [restartedMain] [109] HikariPool-8 - Starting...
2026-04-18 14:50:22.382 [INFO] [restartedMain] [580] HikariPool-8 - Added connection com.mysql.cj.jdbc.ConnectionImpl@2b3fa017
2026-04-18 14:50:22.383 [INFO] [restartedMain] [122] HikariPool-8 - Start completed.
2026-04-18 14:50:22.385 [INFO] [restartedMain] [102] HHH008540: Processing PersistenceUnitInfo [name: default]
2026-04-18 14:50:22.422 [INFO] [restartedMain] [129] No LoadTimeWeaver setup: ignoring JPA class transformer
2026-04-18 14:50:22.424 [WARN] [restartedMain] [152] HHH90000025: MySQLDialect does not need to be specified explicitly using 'hibernate.dialect' (remove the property setting and it will be selected by default)
2026-04-18 14:50:22.424 [INFO] [restartedMain] [179] HHH10001005: Database info:
	Database JDBC URL [jdbc:mysql://localhost:3307/KUMO]
	Database driver: MySQL Connector/J
	Database dialect: MySQLDialect
	Database version: 8.0.36
	Default catalog/schema: KUMO/undefined
	Autocommit mode: undefined/unknown
	Isolation level: REPEATABLE_READ [default REPEATABLE_READ]
	JDBC fetch size: none
	Pool: DataSourceConnectionProvider
	Minimum pool size: undefined/unknown
	Maximum pool size: undefined/unknown
2026-04-18 14:50:22.509 [INFO] [restartedMain] [53] HHH000489: No JTA platform available (set 'hibernate.transaction.jta.platform' to enable JTA platform integration)
2026-04-18 14:50:22.510 [INFO] [restartedMain] [464] Initialized JPA EntityManagerFactory for persistence unit 'default'
2026-04-18 14:50:22.617 [WARN] [restartedMain] [247] spring.jpa.open-in-view is enabled by default. Therefore, database queries may be performed during view rendering. Explicitly configure spring.jpa.open-in-view to disable this warning
2026-04-18 14:50:22.623 [WARN] [restartedMain] [83] 

Using generated security password: 5528e671-1fd3-4e08-9543-d8b3107a4759

This generated password is for development use only. Your security configuration must be updated before running your application in production.

2026-04-18 14:50:22.625 [INFO] [restartedMain] [110] Global AuthenticationManager configured with UserDetailsService bean with name inMemoryUserDetailsManager
2026-04-18 14:50:22.701 [INFO] [restartedMain] [48] Failed to set up a Bean Validation provider: jakarta.validation.NoProviderFoundException: Unable to create a Configuration, because no Jakarta Validation provider could be found. Add a provider like Hibernate Validator (RI) to your classpath.
2026-04-18 14:50:22.801 [INFO] [restartedMain] [117] Starting...
2026-04-18 14:50:22.801 [INFO] [restartedMain] [117] BrokerAvailabilityEvent[available=true, SimpleBrokerMessageHandler [org.springframework.messaging.simp.broker.DefaultSubscriptionRegistry@194790b0]]
2026-04-18 14:50:22.801 [INFO] [restartedMain] [117] Started.
2026-04-18 14:50:22.802 [INFO] [restartedMain] [240] Tomcat started on port 8080 (http) with context path '/kumo/api'
2026-04-18 14:50:22.803 [INFO] [restartedMain] [60] Started KumoApplication in 1.241 seconds (process running for 38949.528)
2026-04-18 14:50:22.804 [INFO] [restartedMain] [66] Condition evaluation unchanged
2026-04-18 14:50:24.231 [INFO] [File Watcher] [214] Restarting due to 1 class path change (1 addition, 0 deletions, 0 modifications)
2026-04-18 14:50:24.238 [INFO] [Thread-29] [54] Commencing graceful shutdown. Waiting for active requests to complete
2026-04-18 14:50:24.241 [INFO] [tomcat-shutdown] [76] Graceful shutdown complete
2026-04-18 14:50:24.243 [INFO] [Thread-29] [117] Stopping...
2026-04-18 14:50:24.243 [INFO] [Thread-29] [117] BrokerAvailabilityEvent[available=false, SimpleBrokerMessageHandler [org.springframework.messaging.simp.broker.DefaultSubscriptionRegistry@194790b0]]
2026-04-18 14:50:24.243 [INFO] [Thread-29] [117] Stopped.
2026-04-18 14:50:24.254 [INFO] [Thread-29] [693] Closing JPA EntityManagerFactory for persistence unit 'default'
2026-04-18 14:50:24.255 [INFO] [Thread-29] [349] HikariPool-8 - Shutdown initiated...
2026-04-18 14:50:24.263 [INFO] [Thread-29] [351] HikariPool-8 - Shutdown completed.
2026-04-18 14:50:24.408 [INFO] [restartedMain] [54] Starting KumoApplication using Java 17.0.16 with PID 71924 (/Users/Rainbow_1/IdeaProjects/kumo/target/classes started by pipishrimp in /Users/Rainbow_1/IdeaProjects/kumo)
2026-04-18 14:50:24.408 [DEBUG] [restartedMain] [55] Running with Spring Boot v4.0.5, Spring v7.0.6
2026-04-18 14:50:24.408 [INFO] [restartedMain] [652] No active profile set, falling back to 1 default profile: "default"
2026-04-18 14:50:24.634 [INFO] [restartedMain] [291] Multiple Spring Data modules found, entering strict repository configuration mode
2026-04-18 14:50:24.636 [INFO] [restartedMain] [145] Bootstrapping Spring Data JPA repositories in DEFAULT mode.
2026-04-18 14:50:24.653 [INFO] [restartedMain] [213] Finished Spring Data repository scanning in 16 ms. Found 4 JPA repository interfaces.
2026-04-18 14:50:24.659 [INFO] [restartedMain] [291] Multiple Spring Data modules found, entering strict repository configuration mode
2026-04-18 14:50:24.659 [INFO] [restartedMain] [145] Bootstrapping Spring Data Redis repositories in DEFAULT mode.
2026-04-18 14:50:24.661 [INFO] [restartedMain] [327] Spring Data Redis - Could not safely identify store assignment for repository candidate interface tw.idv.rainbow.web.repository.CampaignsRepository; If you want this repository to be a Redis repository, consider annotating your entities with one of these annotations: org.springframework.data.redis.core.RedisHash (preferred), or consider extending one of the following types with your repository: org.springframework.data.keyvalue.repository.KeyValueRepository
2026-04-18 14:50:24.661 [INFO] [restartedMain] [327] Spring Data Redis - Could not safely identify store assignment for repository candidate interface tw.idv.rainbow.web.repository.ConnectLogsRepository; If you want this repository to be a Redis repository, consider annotating your entities with one of these annotations: org.springframework.data.redis.core.RedisHash (preferred), or consider extending one of the following types with your repository: org.springframework.data.keyvalue.repository.KeyValueRepository
2026-04-18 14:50:24.661 [INFO] [restartedMain] [327] Spring Data Redis - Could not safely identify store assignment for repository candidate interface tw.idv.rainbow.web.repository.DevicesRepository; If you want this repository to be a Redis repository, consider annotating your entities with one of these annotations: org.springframework.data.redis.core.RedisHash (preferred), or consider extending one of the following types with your repository: org.springframework.data.keyvalue.repository.KeyValueRepository
2026-04-18 14:50:24.661 [INFO] [restartedMain] [327] Spring Data Redis - Could not safely identify store assignment for repository candidate interface tw.idv.rainbow.web.repository.StatusRefRepository; If you want this repository to be a Redis repository, consider annotating your entities with one of these annotations: org.springframework.data.redis.core.RedisHash (preferred), or consider extending one of the following types with your repository: org.springframework.data.keyvalue.repository.KeyValueRepository
2026-04-18 14:50:24.661 [INFO] [restartedMain] [213] Finished Spring Data repository scanning in 1 ms. Found 0 Redis repository interfaces.
2026-04-18 14:50:24.761 [INFO] [restartedMain] [114] Tomcat initialized with port 8080 (http)
2026-04-18 14:50:24.762 [INFO] [restartedMain] [168] Starting service [Tomcat]
2026-04-18 14:50:24.762 [INFO] [restartedMain] [168] Starting Servlet engine: [Apache Tomcat/11.0.20]
2026-04-18 14:50:24.770 [INFO] [restartedMain] [77] Root WebApplicationContext: initialization completed in 361 ms
2026-04-18 14:50:24.783 [DEBUG] [restartedMain] [236] Filter 'jwtFilter' configured for use
2026-04-18 14:50:24.801 [INFO] [restartedMain] [109] HikariPool-9 - Starting...
2026-04-18 14:50:24.853 [INFO] [restartedMain] [580] HikariPool-9 - Added connection com.mysql.cj.jdbc.ConnectionImpl@755aacc8
2026-04-18 14:50:24.854 [INFO] [restartedMain] [122] HikariPool-9 - Start completed.
2026-04-18 14:50:24.857 [INFO] [restartedMain] [102] HHH008540: Processing PersistenceUnitInfo [name: default]
2026-04-18 14:50:24.900 [INFO] [restartedMain] [129] No LoadTimeWeaver setup: ignoring JPA class transformer
2026-04-18 14:50:24.905 [WARN] [restartedMain] [152] HHH90000025: MySQLDialect does not need to be specified explicitly using 'hibernate.dialect' (remove the property setting and it will be selected by default)
2026-04-18 14:50:24.908 [INFO] [restartedMain] [179] HHH10001005: Database info:
	Database JDBC URL [jdbc:mysql://localhost:3307/KUMO]
	Database driver: MySQL Connector/J
	Database dialect: MySQLDialect
	Database version: 8.0.36
	Default catalog/schema: KUMO/undefined
	Autocommit mode: undefined/unknown
	Isolation level: REPEATABLE_READ [default REPEATABLE_READ]
	JDBC fetch size: none
	Pool: DataSourceConnectionProvider
	Minimum pool size: undefined/unknown
	Maximum pool size: undefined/unknown
2026-04-18 14:50:25.014 [INFO] [restartedMain] [53] HHH000489: No JTA platform available (set 'hibernate.transaction.jta.platform' to enable JTA platform integration)
2026-04-18 14:50:25.015 [INFO] [restartedMain] [464] Initialized JPA EntityManagerFactory for persistence unit 'default'
2026-04-18 14:50:25.216 [WARN] [restartedMain] [247] spring.jpa.open-in-view is enabled by default. Therefore, database queries may be performed during view rendering. Explicitly configure spring.jpa.open-in-view to disable this warning
2026-04-18 14:50:25.229 [WARN] [restartedMain] [83] 

Using generated security password: f3074b79-f132-4c5f-bd2f-887373d28550

This generated password is for development use only. Your security configuration must be updated before running your application in production.

2026-04-18 14:50:25.231 [INFO] [restartedMain] [110] Global AuthenticationManager configured with UserDetailsService bean with name inMemoryUserDetailsManager
2026-04-18 14:50:25.305 [INFO] [restartedMain] [48] Failed to set up a Bean Validation provider: jakarta.validation.NoProviderFoundException: Unable to create a Configuration, because no Jakarta Validation provider could be found. Add a provider like Hibernate Validator (RI) to your classpath.
2026-04-18 14:50:25.374 [INFO] [restartedMain] [117] Starting...
2026-04-18 14:50:25.375 [INFO] [restartedMain] [117] BrokerAvailabilityEvent[available=true, SimpleBrokerMessageHandler [org.springframework.messaging.simp.broker.DefaultSubscriptionRegistry@7993f7d6]]
2026-04-18 14:50:25.375 [INFO] [restartedMain] [117] Started.
2026-04-18 14:50:25.376 [INFO] [restartedMain] [240] Tomcat started on port 8080 (http) with context path '/kumo/api'
2026-04-18 14:50:25.379 [INFO] [restartedMain] [60] Started KumoApplication in 0.986 seconds (process running for 38952.103)
2026-04-18 14:50:25.381 [INFO] [restartedMain] [66] Condition evaluation unchanged
2026-04-18 14:51:25.375 [INFO] [MessageBroker-1] [147] WebSocketSession[0 current WS(0)-HttpStream(0)-HttpPoll(0), 0 total, 0 closed abnormally (0 connect failure, 0 send limit, 0 transport error)], stompSubProtocol[processed CONNECT(0)-CONNECTED(0)-DISCONNECT(0)], stompBrokerRelay[null], inboundChannel[pool size = 0, active threads = 0, queued tasks = 0, completed tasks = 0], outboundChannel[pool size = 0, active threads = 0, queued tasks = 0, completed tasks = 0], sockJsScheduler[pool size = 1, active threads = 1, queued tasks = 0, completed tasks = 0]
2026-04-18 14:53:37.441 [INFO] [File Watcher] [214] Restarting due to 1 class path change (0 additions, 1 deletion, 0 modifications)
2026-04-18 14:53:37.531 [INFO] [Thread-33] [54] Commencing graceful shutdown. Waiting for active requests to complete
2026-04-18 14:53:37.542 [INFO] [tomcat-shutdown] [76] Graceful shutdown complete
2026-04-18 14:53:37.545 [INFO] [Thread-33] [117] Stopping...
2026-04-18 14:53:37.546 [INFO] [Thread-33] [117] BrokerAvailabilityEvent[available=false, SimpleBrokerMessageHandler [org.springframework.messaging.simp.broker.DefaultSubscriptionRegistry@7993f7d6]]
2026-04-18 14:53:37.546 [INFO] [Thread-33] [117] Stopped.
2026-04-18 14:53:37.646 [INFO] [Thread-33] [693] Closing JPA EntityManagerFactory for persistence unit 'default'
2026-04-18 14:53:37.652 [INFO] [Thread-33] [349] HikariPool-9 - Shutdown initiated...
2026-04-18 14:53:37.684 [INFO] [Thread-33] [351] HikariPool-9 - Shutdown completed.
2026-04-18 14:53:38.071 [INFO] [restartedMain] [54] Starting KumoApplication using Java 17.0.16 with PID 71924 (/Users/Rainbow_1/IdeaProjects/kumo/target/classes started by pipishrimp in /Users/Rainbow_1/IdeaProjects/kumo)
2026-04-18 14:53:38.071 [DEBUG] [restartedMain] [55] Running with Spring Boot v4.0.5, Spring v7.0.6
2026-04-18 14:53:38.071 [INFO] [restartedMain] [652] No active profile set, falling back to 1 default profile: "default"
2026-04-18 14:53:38.209 [INFO] [restartedMain] [291] Multiple Spring Data modules found, entering strict repository configuration mode
2026-04-18 14:53:38.209 [INFO] [restartedMain] [145] Bootstrapping Spring Data JPA repositories in DEFAULT mode.
2026-04-18 14:53:38.218 [INFO] [restartedMain] [213] Finished Spring Data repository scanning in 8 ms. Found 4 JPA repository interfaces.
2026-04-18 14:53:38.224 [INFO] [restartedMain] [291] Multiple Spring Data modules found, entering strict repository configuration mode
2026-04-18 14:53:38.224 [INFO] [restartedMain] [145] Bootstrapping Spring Data Redis repositories in DEFAULT mode.
2026-04-18 14:53:38.227 [INFO] [restartedMain] [327] Spring Data Redis - Could not safely identify store assignment for repository candidate interface tw.idv.rainbow.web.repository.CampaignsRepository; If you want this repository to be a Redis repository, consider annotating your entities with one of these annotations: org.springframework.data.redis.core.RedisHash (preferred), or consider extending one of the following types with your repository: org.springframework.data.keyvalue.repository.KeyValueRepository
2026-04-18 14:53:38.228 [INFO] [restartedMain] [327] Spring Data Redis - Could not safely identify store assignment for repository candidate interface tw.idv.rainbow.web.repository.ConnectLogsRepository; If you want this repository to be a Redis repository, consider annotating your entities with one of these annotations: org.springframework.data.redis.core.RedisHash (preferred), or consider extending one of the following types with your repository: org.springframework.data.keyvalue.repository.KeyValueRepository
2026-04-18 14:53:38.228 [INFO] [restartedMain] [327] Spring Data Redis - Could not safely identify store assignment for repository candidate interface tw.idv.rainbow.web.repository.DevicesRepository; If you want this repository to be a Redis repository, consider annotating your entities with one of these annotations: org.springframework.data.redis.core.RedisHash (preferred), or consider extending one of the following types with your repository: org.springframework.data.keyvalue.repository.KeyValueRepository
2026-04-18 14:53:38.228 [INFO] [restartedMain] [327] Spring Data Redis - Could not safely identify store assignment for repository candidate interface tw.idv.rainbow.web.repository.StatusRefRepository; If you want this repository to be a Redis repository, consider annotating your entities with one of these annotations: org.springframework.data.redis.core.RedisHash (preferred), or consider extending one of the following types with your repository: org.springframework.data.keyvalue.repository.KeyValueRepository
2026-04-18 14:53:38.228 [INFO] [restartedMain] [213] Finished Spring Data repository scanning in 2 ms. Found 0 Redis repository interfaces.
2026-04-18 14:53:38.391 [INFO] [restartedMain] [114] Tomcat initialized with port 8080 (http)
2026-04-18 14:53:38.392 [INFO] [restartedMain] [168] Starting service [Tomcat]
2026-04-18 14:53:38.392 [INFO] [restartedMain] [168] Starting Servlet engine: [Apache Tomcat/11.0.20]
2026-04-18 14:53:38.409 [INFO] [restartedMain] [77] Root WebApplicationContext: initialization completed in 330 ms
2026-04-18 14:53:38.427 [DEBUG] [restartedMain] [236] Filter 'jwtFilter' configured for use
2026-04-18 14:53:38.455 [INFO] [restartedMain] [109] HikariPool-10 - Starting...
2026-04-18 14:53:38.511 [INFO] [restartedMain] [580] HikariPool-10 - Added connection com.mysql.cj.jdbc.ConnectionImpl@47abebad
2026-04-18 14:53:38.511 [INFO] [restartedMain] [122] HikariPool-10 - Start completed.
2026-04-18 14:53:38.513 [INFO] [restartedMain] [102] HHH008540: Processing PersistenceUnitInfo [name: default]
2026-04-18 14:53:38.535 [INFO] [restartedMain] [129] No LoadTimeWeaver setup: ignoring JPA class transformer
2026-04-18 14:53:38.538 [WARN] [restartedMain] [152] HHH90000025: MySQLDialect does not need to be specified explicitly using 'hibernate.dialect' (remove the property setting and it will be selected by default)
2026-04-18 14:53:38.539 [INFO] [restartedMain] [179] HHH10001005: Database info:
	Database JDBC URL [jdbc:mysql://localhost:3307/KUMO]
	Database driver: MySQL Connector/J
	Database dialect: MySQLDialect
	Database version: 8.0.36
	Default catalog/schema: KUMO/undefined
	Autocommit mode: undefined/unknown
	Isolation level: REPEATABLE_READ [default REPEATABLE_READ]
	JDBC fetch size: none
	Pool: DataSourceConnectionProvider
	Minimum pool size: undefined/unknown
	Maximum pool size: undefined/unknown
2026-04-18 14:53:38.596 [INFO] [restartedMain] [53] HHH000489: No JTA platform available (set 'hibernate.transaction.jta.platform' to enable JTA platform integration)
2026-04-18 14:53:38.598 [INFO] [restartedMain] [464] Initialized JPA EntityManagerFactory for persistence unit 'default'
2026-04-18 14:53:38.830 [WARN] [restartedMain] [247] spring.jpa.open-in-view is enabled by default. Therefore, database queries may be performed during view rendering. Explicitly configure spring.jpa.open-in-view to disable this warning
2026-04-18 14:53:38.843 [WARN] [restartedMain] [83] 

Using generated security password: f02c0b0a-67b3-4bbd-81eb-d23556942e5c

This generated password is for development use only. Your security configuration must be updated before running your application in production.

2026-04-18 14:53:38.844 [INFO] [restartedMain] [110] Global AuthenticationManager configured with UserDetailsService bean with name inMemoryUserDetailsManager
2026-04-18 14:53:39.559 [INFO] [restartedMain] [48] Failed to set up a Bean Validation provider: jakarta.validation.NoProviderFoundException: Unable to create a Configuration, because no Jakarta Validation provider could be found. Add a provider like Hibernate Validator (RI) to your classpath.
2026-04-18 14:53:40.071 [INFO] [restartedMain] [117] Starting...
2026-04-18 14:53:40.071 [INFO] [restartedMain] [117] BrokerAvailabilityEvent[available=true, SimpleBrokerMessageHandler [org.springframework.messaging.simp.broker.DefaultSubscriptionRegistry@15d797af]]
2026-04-18 14:53:40.071 [INFO] [restartedMain] [117] Started.
2026-04-18 14:53:40.076 [INFO] [restartedMain] [240] Tomcat started on port 8080 (http) with context path '/kumo/api'
2026-04-18 14:53:40.080 [INFO] [restartedMain] [60] Started KumoApplication in 2.041 seconds (process running for 39146.807)
2026-04-18 14:53:40.082 [INFO] [restartedMain] [66] Condition evaluation unchanged
2026-04-18 14:53:41.477 [INFO] [File Watcher] [214] Restarting due to 1 class path change (1 addition, 0 deletions, 0 modifications)
2026-04-18 14:53:41.512 [INFO] [Thread-37] [54] Commencing graceful shutdown. Waiting for active requests to complete
2026-04-18 14:53:41.525 [INFO] [tomcat-shutdown] [76] Graceful shutdown complete
2026-04-18 14:53:41.532 [INFO] [Thread-37] [117] Stopping...
2026-04-18 14:53:41.536 [INFO] [Thread-37] [117] BrokerAvailabilityEvent[available=false, SimpleBrokerMessageHandler [org.springframework.messaging.simp.broker.DefaultSubscriptionRegistry@15d797af]]
2026-04-18 14:53:41.537 [INFO] [Thread-37] [117] Stopped.
2026-04-18 14:53:41.554 [INFO] [Thread-37] [693] Closing JPA EntityManagerFactory for persistence unit 'default'
2026-04-18 14:53:41.558 [INFO] [Thread-37] [349] HikariPool-10 - Shutdown initiated...
2026-04-18 14:53:41.587 [INFO] [Thread-37] [351] HikariPool-10 - Shutdown completed.
2026-04-18 14:53:41.927 [INFO] [restartedMain] [54] Starting KumoApplication using Java 17.0.16 with PID 71924 (/Users/Rainbow_1/IdeaProjects/kumo/target/classes started by pipishrimp in /Users/Rainbow_1/IdeaProjects/kumo)
2026-04-18 14:53:41.944 [DEBUG] [restartedMain] [55] Running with Spring Boot v4.0.5, Spring v7.0.6
2026-04-18 14:53:41.945 [INFO] [restartedMain] [652] No active profile set, falling back to 1 default profile: "default"
2026-04-18 14:53:42.457 [INFO] [restartedMain] [291] Multiple Spring Data modules found, entering strict repository configuration mode
2026-04-18 14:53:42.458 [INFO] [restartedMain] [145] Bootstrapping Spring Data JPA repositories in DEFAULT mode.
2026-04-18 14:53:42.484 [INFO] [restartedMain] [213] Finished Spring Data repository scanning in 21 ms. Found 4 JPA repository interfaces.
2026-04-18 14:53:42.494 [INFO] [restartedMain] [291] Multiple Spring Data modules found, entering strict repository configuration mode
2026-04-18 14:53:42.495 [INFO] [restartedMain] [145] Bootstrapping Spring Data Redis repositories in DEFAULT mode.
2026-04-18 14:53:42.500 [INFO] [restartedMain] [327] Spring Data Redis - Could not safely identify store assignment for repository candidate interface tw.idv.rainbow.web.repository.CampaignsRepository; If you want this repository to be a Redis repository, consider annotating your entities with one of these annotations: org.springframework.data.redis.core.RedisHash (preferred), or consider extending one of the following types with your repository: org.springframework.data.keyvalue.repository.KeyValueRepository
2026-04-18 14:53:42.500 [INFO] [restartedMain] [327] Spring Data Redis - Could not safely identify store assignment for repository candidate interface tw.idv.rainbow.web.repository.ConnectLogsRepository; If you want this repository to be a Redis repository, consider annotating your entities with one of these annotations: org.springframework.data.redis.core.RedisHash (preferred), or consider extending one of the following types with your repository: org.springframework.data.keyvalue.repository.KeyValueRepository
2026-04-18 14:53:42.501 [INFO] [restartedMain] [327] Spring Data Redis - Could not safely identify store assignment for repository candidate interface tw.idv.rainbow.web.repository.DevicesRepository; If you want this repository to be a Redis repository, consider annotating your entities with one of these annotations: org.springframework.data.redis.core.RedisHash (preferred), or consider extending one of the following types with your repository: org.springframework.data.keyvalue.repository.KeyValueRepository
2026-04-18 14:53:42.501 [INFO] [restartedMain] [327] Spring Data Redis - Could not safely identify store assignment for repository candidate interface tw.idv.rainbow.web.repository.StatusRefRepository; If you want this repository to be a Redis repository, consider annotating your entities with one of these annotations: org.springframework.data.redis.core.RedisHash (preferred), or consider extending one of the following types with your repository: org.springframework.data.keyvalue.repository.KeyValueRepository
2026-04-18 14:53:42.501 [INFO] [restartedMain] [213] Finished Spring Data repository scanning in 3 ms. Found 0 Redis repository interfaces.
2026-04-18 14:53:42.775 [INFO] [restartedMain] [114] Tomcat initialized with port 8080 (http)
2026-04-18 14:53:42.776 [INFO] [restartedMain] [168] Starting service [Tomcat]
2026-04-18 14:53:42.776 [INFO] [restartedMain] [168] Starting Servlet engine: [Apache Tomcat/11.0.20]
2026-04-18 14:53:42.789 [INFO] [restartedMain] [77] Root WebApplicationContext: initialization completed in 835 ms
2026-04-18 14:53:42.807 [DEBUG] [restartedMain] [236] Filter 'jwtFilter' configured for use
2026-04-18 14:53:42.825 [INFO] [restartedMain] [109] HikariPool-11 - Starting...
2026-04-18 14:53:42.907 [INFO] [restartedMain] [580] HikariPool-11 - Added connection com.mysql.cj.jdbc.ConnectionImpl@ede6d5
2026-04-18 14:53:42.909 [INFO] [restartedMain] [122] HikariPool-11 - Start completed.
2026-04-18 14:53:42.914 [INFO] [restartedMain] [102] HHH008540: Processing PersistenceUnitInfo [name: default]
2026-04-18 14:53:42.997 [INFO] [restartedMain] [129] No LoadTimeWeaver setup: ignoring JPA class transformer
2026-04-18 14:53:43.004 [WARN] [restartedMain] [152] HHH90000025: MySQLDialect does not need to be specified explicitly using 'hibernate.dialect' (remove the property setting and it will be selected by default)
2026-04-18 14:53:43.007 [INFO] [restartedMain] [179] HHH10001005: Database info:
	Database JDBC URL [jdbc:mysql://localhost:3307/KUMO]
	Database driver: MySQL Connector/J
	Database dialect: MySQLDialect
	Database version: 8.0.36
	Default catalog/schema: KUMO/undefined
	Autocommit mode: undefined/unknown
	Isolation level: REPEATABLE_READ [default REPEATABLE_READ]
	JDBC fetch size: none
	Pool: DataSourceConnectionProvider
	Minimum pool size: undefined/unknown
	Maximum pool size: undefined/unknown
2026-04-18 14:53:43.290 [INFO] [restartedMain] [53] HHH000489: No JTA platform available (set 'hibernate.transaction.jta.platform' to enable JTA platform integration)
2026-04-18 14:53:43.293 [INFO] [restartedMain] [464] Initialized JPA EntityManagerFactory for persistence unit 'default'
2026-04-18 14:53:43.606 [WARN] [restartedMain] [247] spring.jpa.open-in-view is enabled by default. Therefore, database queries may be performed during view rendering. Explicitly configure spring.jpa.open-in-view to disable this warning
2026-04-18 14:53:43.642 [WARN] [restartedMain] [83] 

Using generated security password: d4d95e37-b776-40f8-91eb-d4d131841301

This generated password is for development use only. Your security configuration must be updated before running your application in production.

2026-04-18 14:53:43.647 [INFO] [restartedMain] [110] Global AuthenticationManager configured with UserDetailsService bean with name inMemoryUserDetailsManager
2026-04-18 14:53:43.833 [INFO] [restartedMain] [48] Failed to set up a Bean Validation provider: jakarta.validation.NoProviderFoundException: Unable to create a Configuration, because no Jakarta Validation provider could be found. Add a provider like Hibernate Validator (RI) to your classpath.
2026-04-18 14:53:44.034 [INFO] [restartedMain] [117] Starting...
2026-04-18 14:53:44.034 [INFO] [restartedMain] [117] BrokerAvailabilityEvent[available=true, SimpleBrokerMessageHandler [org.springframework.messaging.simp.broker.DefaultSubscriptionRegistry@6c9db88e]]
2026-04-18 14:53:44.035 [INFO] [restartedMain] [117] Started.
2026-04-18 14:53:44.057 [INFO] [restartedMain] [240] Tomcat started on port 8080 (http) with context path '/kumo/api'
2026-04-18 14:53:44.066 [INFO] [restartedMain] [60] Started KumoApplication in 2.21 seconds (process running for 39150.793)
2026-04-18 14:53:44.073 [INFO] [restartedMain] [66] Condition evaluation unchanged
2026-04-18 14:53:52.938 [INFO] [File Watcher] [214] Restarting due to 1 class path change (0 additions, 0 deletions, 1 modification)
2026-04-18 14:53:52.964 [INFO] [Thread-41] [54] Commencing graceful shutdown. Waiting for active requests to complete
2026-04-18 14:53:52.973 [INFO] [tomcat-shutdown] [76] Graceful shutdown complete
2026-04-18 14:53:52.977 [INFO] [Thread-41] [117] Stopping...
2026-04-18 14:53:52.977 [INFO] [Thread-41] [117] BrokerAvailabilityEvent[available=false, SimpleBrokerMessageHandler [org.springframework.messaging.simp.broker.DefaultSubscriptionRegistry@6c9db88e]]
2026-04-18 14:53:52.977 [INFO] [Thread-41] [117] Stopped.
2026-04-18 14:53:52.992 [INFO] [Thread-41] [693] Closing JPA EntityManagerFactory for persistence unit 'default'
2026-04-18 14:53:53.004 [INFO] [Thread-41] [349] HikariPool-11 - Shutdown initiated...
2026-04-18 14:53:53.035 [INFO] [Thread-41] [351] HikariPool-11 - Shutdown completed.
2026-04-18 14:53:54.280 [INFO] [restartedMain] [54] Starting KumoApplication using Java 17.0.16 with PID 71924 (/Users/Rainbow_1/IdeaProjects/kumo/target/classes started by pipishrimp in /Users/Rainbow_1/IdeaProjects/kumo)
2026-04-18 14:53:54.281 [DEBUG] [restartedMain] [55] Running with Spring Boot v4.0.5, Spring v7.0.6
2026-04-18 14:53:54.281 [INFO] [restartedMain] [652] No active profile set, falling back to 1 default profile: "default"
2026-04-18 14:53:54.455 [INFO] [restartedMain] [291] Multiple Spring Data modules found, entering strict repository configuration mode
2026-04-18 14:53:54.455 [INFO] [restartedMain] [145] Bootstrapping Spring Data JPA repositories in DEFAULT mode.
2026-04-18 14:53:54.467 [INFO] [restartedMain] [213] Finished Spring Data repository scanning in 10 ms. Found 4 JPA repository interfaces.
2026-04-18 14:53:54.474 [INFO] [restartedMain] [291] Multiple Spring Data modules found, entering strict repository configuration mode
2026-04-18 14:53:54.474 [INFO] [restartedMain] [145] Bootstrapping Spring Data Redis repositories in DEFAULT mode.
2026-04-18 14:53:54.477 [INFO] [restartedMain] [327] Spring Data Redis - Could not safely identify store assignment for repository candidate interface tw.idv.rainbow.web.repository.CampaignsRepository; If you want this repository to be a Redis repository, consider annotating your entities with one of these annotations: org.springframework.data.redis.core.RedisHash (preferred), or consider extending one of the following types with your repository: org.springframework.data.keyvalue.repository.KeyValueRepository
2026-04-18 14:53:54.477 [INFO] [restartedMain] [327] Spring Data Redis - Could not safely identify store assignment for repository candidate interface tw.idv.rainbow.web.repository.ConnectLogsRepository; If you want this repository to be a Redis repository, consider annotating your entities with one of these annotations: org.springframework.data.redis.core.RedisHash (preferred), or consider extending one of the following types with your repository: org.springframework.data.keyvalue.repository.KeyValueRepository
2026-04-18 14:53:54.477 [INFO] [restartedMain] [327] Spring Data Redis - Could not safely identify store assignment for repository candidate interface tw.idv.rainbow.web.repository.DevicesRepository; If you want this repository to be a Redis repository, consider annotating your entities with one of these annotations: org.springframework.data.redis.core.RedisHash (preferred), or consider extending one of the following types with your repository: org.springframework.data.keyvalue.repository.KeyValueRepository
2026-04-18 14:53:54.477 [INFO] [restartedMain] [327] Spring Data Redis - Could not safely identify store assignment for repository candidate interface tw.idv.rainbow.web.repository.StatusRefRepository; If you want this repository to be a Redis repository, consider annotating your entities with one of these annotations: org.springframework.data.redis.core.RedisHash (preferred), or consider extending one of the following types with your repository: org.springframework.data.keyvalue.repository.KeyValueRepository
2026-04-18 14:53:54.477 [INFO] [restartedMain] [213] Finished Spring Data repository scanning in 2 ms. Found 0 Redis repository interfaces.
2026-04-18 14:53:54.585 [INFO] [restartedMain] [114] Tomcat initialized with port 8080 (http)
2026-04-18 14:53:54.586 [INFO] [restartedMain] [168] Starting service [Tomcat]
2026-04-18 14:53:54.586 [INFO] [restartedMain] [168] Starting Servlet engine: [Apache Tomcat/11.0.20]
2026-04-18 14:53:54.598 [INFO] [restartedMain] [77] Root WebApplicationContext: initialization completed in 316 ms
2026-04-18 14:53:54.614 [DEBUG] [restartedMain] [236] Filter 'jwtFilter' configured for use
2026-04-18 14:53:54.642 [INFO] [restartedMain] [109] HikariPool-12 - Starting...
2026-04-18 14:53:54.687 [INFO] [restartedMain] [580] HikariPool-12 - Added connection com.mysql.cj.jdbc.ConnectionImpl@9adeae0
2026-04-18 14:53:54.688 [INFO] [restartedMain] [122] HikariPool-12 - Start completed.
2026-04-18 14:53:54.691 [INFO] [restartedMain] [102] HHH008540: Processing PersistenceUnitInfo [name: default]
2026-04-18 14:53:54.709 [INFO] [restartedMain] [129] No LoadTimeWeaver setup: ignoring JPA class transformer
2026-04-18 14:53:54.714 [WARN] [restartedMain] [152] HHH90000025: MySQLDialect does not need to be specified explicitly using 'hibernate.dialect' (remove the property setting and it will be selected by default)
2026-04-18 14:53:54.717 [INFO] [restartedMain] [179] HHH10001005: Database info:
	Database JDBC URL [jdbc:mysql://localhost:3307/KUMO]
	Database driver: MySQL Connector/J
	Database dialect: MySQLDialect
	Database version: 8.0.36
	Default catalog/schema: KUMO/undefined
	Autocommit mode: undefined/unknown
	Isolation level: REPEATABLE_READ [default REPEATABLE_READ]
	JDBC fetch size: none
	Pool: DataSourceConnectionProvider
	Minimum pool size: undefined/unknown
	Maximum pool size: undefined/unknown
2026-04-18 14:53:54.784 [INFO] [restartedMain] [53] HHH000489: No JTA platform available (set 'hibernate.transaction.jta.platform' to enable JTA platform integration)
2026-04-18 14:53:54.785 [INFO] [restartedMain] [464] Initialized JPA EntityManagerFactory for persistence unit 'default'
2026-04-18 14:53:54.911 [WARN] [restartedMain] [247] spring.jpa.open-in-view is enabled by default. Therefore, database queries may be performed during view rendering. Explicitly configure spring.jpa.open-in-view to disable this warning
2026-04-18 14:53:54.920 [WARN] [restartedMain] [83] 

Using generated security password: e1d55c26-b6d8-4864-b33e-0a170bbda5b9

This generated password is for development use only. Your security configuration must be updated before running your application in production.

2026-04-18 14:53:54.922 [INFO] [restartedMain] [110] Global AuthenticationManager configured with UserDetailsService bean with name inMemoryUserDetailsManager
2026-04-18 14:53:55.038 [INFO] [restartedMain] [48] Failed to set up a Bean Validation provider: jakarta.validation.NoProviderFoundException: Unable to create a Configuration, because no Jakarta Validation provider could be found. Add a provider like Hibernate Validator (RI) to your classpath.
2026-04-18 14:53:55.100 [INFO] [restartedMain] [117] Starting...
2026-04-18 14:53:55.101 [INFO] [restartedMain] [117] BrokerAvailabilityEvent[available=true, SimpleBrokerMessageHandler [org.springframework.messaging.simp.broker.DefaultSubscriptionRegistry@62fc3f2a]]
2026-04-18 14:53:55.101 [INFO] [restartedMain] [117] Started.
2026-04-18 14:53:55.103 [INFO] [restartedMain] [240] Tomcat started on port 8080 (http) with context path '/kumo/api'
2026-04-18 14:53:55.105 [INFO] [restartedMain] [60] Started KumoApplication in 0.846 seconds (process running for 39161.832)
2026-04-18 14:53:55.106 [INFO] [restartedMain] [66] Condition evaluation unchanged
2026-04-18 14:54:15.309 [INFO] [SpringApplicationShutdownHook] [54] Commencing graceful shutdown. Waiting for active requests to complete
2026-04-18 14:54:15.320 [INFO] [tomcat-shutdown] [76] Graceful shutdown complete
2026-04-18 14:54:15.323 [INFO] [SpringApplicationShutdownHook] [117] Stopping...
2026-04-18 14:54:15.323 [INFO] [SpringApplicationShutdownHook] [117] BrokerAvailabilityEvent[available=false, SimpleBrokerMessageHandler [org.springframework.messaging.simp.broker.DefaultSubscriptionRegistry@62fc3f2a]]
2026-04-18 14:54:15.323 [INFO] [SpringApplicationShutdownHook] [117] Stopped.
2026-04-18 14:54:15.331 [INFO] [SpringApplicationShutdownHook] [693] Closing JPA EntityManagerFactory for persistence unit 'default'
2026-04-18 14:54:15.334 [INFO] [SpringApplicationShutdownHook] [349] HikariPool-12 - Shutdown initiated...
2026-04-18 14:54:15.344 [INFO] [SpringApplicationShutdownHook] [351] HikariPool-12 - Shutdown completed.
2026-04-18 14:54:18.387 [INFO] [restartedMain] [54] Starting KumoApplication using Java 17.0.16 with PID 40153 (/Users/Rainbow_1/IdeaProjects/kumo/target/classes started by pipishrimp in /Users/Rainbow_1/IdeaProjects/kumo)
2026-04-18 14:54:18.388 [DEBUG] [restartedMain] [55] Running with Spring Boot v4.0.5, Spring v7.0.6
2026-04-18 14:54:18.389 [INFO] [restartedMain] [652] No active profile set, falling back to 1 default profile: "default"
2026-04-18 14:54:18.413 [INFO] [restartedMain] [69] Devtools property defaults active! Set 'spring.devtools.add-properties' to 'false' to disable
2026-04-18 14:54:18.414 [INFO] [restartedMain] [69] For additional web related logging consider setting the 'logging.level.web' property to 'DEBUG'
2026-04-18 14:54:18.923 [INFO] [restartedMain] [291] Multiple Spring Data modules found, entering strict repository configuration mode
2026-04-18 14:54:18.924 [INFO] [restartedMain] [145] Bootstrapping Spring Data JPA repositories in DEFAULT mode.
2026-04-18 14:54:18.998 [INFO] [restartedMain] [213] Finished Spring Data repository scanning in 69 ms. Found 4 JPA repository interfaces.
2026-04-18 14:54:19.021 [INFO] [restartedMain] [291] Multiple Spring Data modules found, entering strict repository configuration mode
2026-04-18 14:54:19.022 [INFO] [restartedMain] [145] Bootstrapping Spring Data Redis repositories in DEFAULT mode.
2026-04-18 14:54:19.030 [INFO] [restartedMain] [327] Spring Data Redis - Could not safely identify store assignment for repository candidate interface tw.idv.rainbow.web.repository.CampaignsRepository; If you want this repository to be a Redis repository, consider annotating your entities with one of these annotations: org.springframework.data.redis.core.RedisHash (preferred), or consider extending one of the following types with your repository: org.springframework.data.keyvalue.repository.KeyValueRepository
2026-04-18 14:54:19.030 [INFO] [restartedMain] [327] Spring Data Redis - Could not safely identify store assignment for repository candidate interface tw.idv.rainbow.web.repository.ConnectLogsRepository; If you want this repository to be a Redis repository, consider annotating your entities with one of these annotations: org.springframework.data.redis.core.RedisHash (preferred), or consider extending one of the following types with your repository: org.springframework.data.keyvalue.repository.KeyValueRepository
2026-04-18 14:54:19.030 [INFO] [restartedMain] [327] Spring Data Redis - Could not safely identify store assignment for repository candidate interface tw.idv.rainbow.web.repository.DevicesRepository; If you want this repository to be a Redis repository, consider annotating your entities with one of these annotations: org.springframework.data.redis.core.RedisHash (preferred), or consider extending one of the following types with your repository: org.springframework.data.keyvalue.repository.KeyValueRepository
2026-04-18 14:54:19.030 [INFO] [restartedMain] [327] Spring Data Redis - Could not safely identify store assignment for repository candidate interface tw.idv.rainbow.web.repository.StatusRefRepository; If you want this repository to be a Redis repository, consider annotating your entities with one of these annotations: org.springframework.data.redis.core.RedisHash (preferred), or consider extending one of the following types with your repository: org.springframework.data.keyvalue.repository.KeyValueRepository
2026-04-18 14:54:19.030 [INFO] [restartedMain] [213] Finished Spring Data repository scanning in 3 ms. Found 0 Redis repository interfaces.
2026-04-18 14:54:19.335 [INFO] [restartedMain] [114] Tomcat initialized with port 8080 (http)
2026-04-18 14:54:19.343 [INFO] [restartedMain] [168] Starting service [Tomcat]
2026-04-18 14:54:19.343 [INFO] [restartedMain] [168] Starting Servlet engine: [Apache Tomcat/11.0.20]
2026-04-18 14:54:19.363 [INFO] [restartedMain] [77] Root WebApplicationContext: initialization completed in 949 ms
2026-04-18 14:54:19.390 [DEBUG] [restartedMain] [236] Filter 'jwtFilter' configured for use
2026-04-18 14:54:19.438 [INFO] [restartedMain] [109] HikariPool-1 - Starting...
2026-04-18 14:54:19.622 [INFO] [restartedMain] [580] HikariPool-1 - Added connection com.mysql.cj.jdbc.ConnectionImpl@a9bb538
2026-04-18 14:54:19.623 [INFO] [restartedMain] [122] HikariPool-1 - Start completed.
2026-04-18 14:54:19.640 [INFO] [restartedMain] [102] HHH008540: Processing PersistenceUnitInfo [name: default]
2026-04-18 14:54:19.674 [INFO] [restartedMain] [41] HHH000001: Hibernate ORM core version 7.2.7.Final
2026-04-18 14:54:19.919 [INFO] [restartedMain] [129] No LoadTimeWeaver setup: ignoring JPA class transformer
2026-04-18 14:54:20.053 [WARN] [restartedMain] [152] HHH90000025: MySQLDialect does not need to be specified explicitly using 'hibernate.dialect' (remove the property setting and it will be selected by default)
2026-04-18 14:54:20.062 [INFO] [restartedMain] [179] HHH10001005: Database info:
	Database JDBC URL [jdbc:mysql://localhost:3307/KUMO]
	Database driver: MySQL Connector/J
	Database dialect: MySQLDialect
	Database version: 8.0.36
	Default catalog/schema: KUMO/undefined
	Autocommit mode: undefined/unknown
	Isolation level: REPEATABLE_READ [default REPEATABLE_READ]
	JDBC fetch size: none
	Pool: DataSourceConnectionProvider
	Minimum pool size: undefined/unknown
	Maximum pool size: undefined/unknown
2026-04-18 14:54:20.609 [INFO] [restartedMain] [53] HHH000489: No JTA platform available (set 'hibernate.transaction.jta.platform' to enable JTA platform integration)
2026-04-18 14:54:20.616 [INFO] [restartedMain] [464] Initialized JPA EntityManagerFactory for persistence unit 'default'
2026-04-18 14:54:20.655 [INFO] [restartedMain] [48] Hibernate is in classpath; If applicable, HQL parser will be used.
2026-04-18 14:54:21.149 [WARN] [restartedMain] [70] Can not find io.netty.resolver.dns.macos.MacOSDnsServerAddressStreamProvider in the classpath, fallback to system defaults. This may result in incorrect DNS resolutions on MacOS. Check whether you have a dependency on 'io.netty:netty-resolver-dns-native-macos'
2026-04-18 14:54:21.366 [WARN] [restartedMain] [247] spring.jpa.open-in-view is enabled by default. Therefore, database queries may be performed during view rendering. Explicitly configure spring.jpa.open-in-view to disable this warning
2026-04-18 14:54:21.377 [WARN] [restartedMain] [83] 

Using generated security password: 8f3353d7-0677-4b47-8b92-7138a0715a93

This generated password is for development use only. Your security configuration must be updated before running your application in production.

2026-04-18 14:54:21.381 [INFO] [restartedMain] [110] Global AuthenticationManager configured with UserDetailsService bean with name inMemoryUserDetailsManager
2026-04-18 14:54:21.537 [INFO] [restartedMain] [48] Failed to set up a Bean Validation provider: jakarta.validation.NoProviderFoundException: Unable to create a Configuration, because no Jakarta Validation provider could be found. Add a provider like Hibernate Validator (RI) to your classpath.
2026-04-18 14:54:21.719 [INFO] [restartedMain] [117] Starting...
2026-04-18 14:54:21.719 [INFO] [restartedMain] [117] BrokerAvailabilityEvent[available=true, SimpleBrokerMessageHandler [org.springframework.messaging.simp.broker.DefaultSubscriptionRegistry@10209639]]
2026-04-18 14:54:21.720 [INFO] [restartedMain] [117] Started.
2026-04-18 14:54:21.727 [INFO] [restartedMain] [240] Tomcat started on port 8080 (http) with context path '/kumo/api'
2026-04-18 14:54:21.733 [INFO] [restartedMain] [60] Started KumoApplication in 3.574 seconds (process running for 4.171)
2026-04-18 14:54:30.750 [INFO] [http-nio-8080-exec-1] [168] Initializing Spring DispatcherServlet 'dispatcherServlet'
2026-04-18 14:54:30.750 [INFO] [http-nio-8080-exec-1] [523] Initializing Servlet 'dispatcherServlet'
2026-04-18 14:54:30.756 [INFO] [http-nio-8080-exec-1] [545] Completed initialization in 5 ms
2026-04-18 14:54:30.787 [WARN] [http-nio-8080-exec-1] [522] Cache miss for REQUEST dispatch to '/kumo/api/swagger-ui/index.html' (previous null). Performing CorsConfiguration lookup. This is logged once only at WARN level, and every time at TRACE.
2026-04-18 14:54:33.044 [INFO] [http-nio-8080-exec-9] [390] Init duration for springdoc-openapi is: 679 ms
2026-04-18 14:54:49.575 [INFO] [SpringApplicationShutdownHook] [54] Commencing graceful shutdown. Waiting for active requests to complete
2026-04-18 14:54:49.583 [INFO] [tomcat-shutdown] [76] Graceful shutdown complete
2026-04-18 14:54:49.595 [INFO] [SpringApplicationShutdownHook] [117] Stopping...
2026-04-18 14:54:49.595 [INFO] [SpringApplicationShutdownHook] [117] BrokerAvailabilityEvent[available=false, SimpleBrokerMessageHandler [org.springframework.messaging.simp.broker.DefaultSubscriptionRegistry@10209639]]
2026-04-18 14:54:49.596 [INFO] [SpringApplicationShutdownHook] [117] Stopped.
2026-04-18 14:54:49.630 [INFO] [SpringApplicationShutdownHook] [693] Closing JPA EntityManagerFactory for persistence unit 'default'
2026-04-18 14:54:49.638 [INFO] [SpringApplicationShutdownHook] [349] HikariPool-1 - Shutdown initiated...
2026-04-18 14:54:49.653 [INFO] [SpringApplicationShutdownHook] [351] HikariPool-1 - Shutdown completed.
2026-04-18 14:54:52.641 [INFO] [restartedMain] [54] Starting KumoApplication using Java 17.0.16 with PID 40216 (/Users/Rainbow_1/IdeaProjects/kumo/target/classes started by pipishrimp in /Users/Rainbow_1/IdeaProjects/kumo)
2026-04-18 14:54:52.643 [DEBUG] [restartedMain] [55] Running with Spring Boot v4.0.5, Spring v7.0.6
2026-04-18 14:54:52.643 [INFO] [restartedMain] [652] No active profile set, falling back to 1 default profile: "default"
2026-04-18 14:54:52.664 [INFO] [restartedMain] [69] Devtools property defaults active! Set 'spring.devtools.add-properties' to 'false' to disable
2026-04-18 14:54:52.664 [INFO] [restartedMain] [69] For additional web related logging consider setting the 'logging.level.web' property to 'DEBUG'
2026-04-18 14:54:53.144 [INFO] [restartedMain] [291] Multiple Spring Data modules found, entering strict repository configuration mode
2026-04-18 14:54:53.145 [INFO] [restartedMain] [145] Bootstrapping Spring Data JPA repositories in DEFAULT mode.
2026-04-18 14:54:53.215 [INFO] [restartedMain] [213] Finished Spring Data repository scanning in 66 ms. Found 4 JPA repository interfaces.
2026-04-18 14:54:53.237 [INFO] [restartedMain] [291] Multiple Spring Data modules found, entering strict repository configuration mode
2026-04-18 14:54:53.237 [INFO] [restartedMain] [145] Bootstrapping Spring Data Redis repositories in DEFAULT mode.
2026-04-18 14:54:53.245 [INFO] [restartedMain] [327] Spring Data Redis - Could not safely identify store assignment for repository candidate interface tw.idv.rainbow.web.repository.CampaignsRepository; If you want this repository to be a Redis repository, consider annotating your entities with one of these annotations: org.springframework.data.redis.core.RedisHash (preferred), or consider extending one of the following types with your repository: org.springframework.data.keyvalue.repository.KeyValueRepository
2026-04-18 14:54:53.245 [INFO] [restartedMain] [327] Spring Data Redis - Could not safely identify store assignment for repository candidate interface tw.idv.rainbow.web.repository.ConnectLogsRepository; If you want this repository to be a Redis repository, consider annotating your entities with one of these annotations: org.springframework.data.redis.core.RedisHash (preferred), or consider extending one of the following types with your repository: org.springframework.data.keyvalue.repository.KeyValueRepository
2026-04-18 14:54:53.245 [INFO] [restartedMain] [327] Spring Data Redis - Could not safely identify store assignment for repository candidate interface tw.idv.rainbow.web.repository.DevicesRepository; If you want this repository to be a Redis repository, consider annotating your entities with one of these annotations: org.springframework.data.redis.core.RedisHash (preferred), or consider extending one of the following types with your repository: org.springframework.data.keyvalue.repository.KeyValueRepository
2026-04-18 14:54:53.246 [INFO] [restartedMain] [327] Spring Data Redis - Could not safely identify store assignment for repository candidate interface tw.idv.rainbow.web.repository.StatusRefRepository; If you want this repository to be a Redis repository, consider annotating your entities with one of these annotations: org.springframework.data.redis.core.RedisHash (preferred), or consider extending one of the following types with your repository: org.springframework.data.keyvalue.repository.KeyValueRepository
2026-04-18 14:54:53.246 [INFO] [restartedMain] [213] Finished Spring Data repository scanning in 3 ms. Found 0 Redis repository interfaces.
2026-04-18 14:54:53.526 [INFO] [restartedMain] [114] Tomcat initialized with port 8080 (http)
2026-04-18 14:54:53.534 [INFO] [restartedMain] [168] Starting service [Tomcat]
2026-04-18 14:54:53.534 [INFO] [restartedMain] [168] Starting Servlet engine: [Apache Tomcat/11.0.20]
2026-04-18 14:54:53.552 [INFO] [restartedMain] [77] Root WebApplicationContext: initialization completed in 887 ms
2026-04-18 14:54:53.582 [DEBUG] [restartedMain] [236] Filter 'jwtFilter' configured for use
2026-04-18 14:54:53.637 [INFO] [restartedMain] [109] HikariPool-1 - Starting...
2026-04-18 14:54:53.871 [INFO] [restartedMain] [580] HikariPool-1 - Added connection com.mysql.cj.jdbc.ConnectionImpl@5966cd57
2026-04-18 14:54:53.872 [INFO] [restartedMain] [122] HikariPool-1 - Start completed.
2026-04-18 14:54:53.888 [INFO] [restartedMain] [102] HHH008540: Processing PersistenceUnitInfo [name: default]
2026-04-18 14:54:53.925 [INFO] [restartedMain] [41] HHH000001: Hibernate ORM core version 7.2.7.Final
2026-04-18 14:54:54.181 [INFO] [restartedMain] [129] No LoadTimeWeaver setup: ignoring JPA class transformer
2026-04-18 14:54:54.239 [WARN] [restartedMain] [152] HHH90000025: MySQLDialect does not need to be specified explicitly using 'hibernate.dialect' (remove the property setting and it will be selected by default)
2026-04-18 14:54:54.247 [INFO] [restartedMain] [179] HHH10001005: Database info:
	Database JDBC URL [jdbc:mysql://localhost:3307/KUMO]
	Database driver: MySQL Connector/J
	Database dialect: MySQLDialect
	Database version: 8.0.36
	Default catalog/schema: KUMO/undefined
	Autocommit mode: undefined/unknown
	Isolation level: REPEATABLE_READ [default REPEATABLE_READ]
	JDBC fetch size: none
	Pool: DataSourceConnectionProvider
	Minimum pool size: undefined/unknown
	Maximum pool size: undefined/unknown
2026-04-18 14:54:54.723 [INFO] [restartedMain] [53] HHH000489: No JTA platform available (set 'hibernate.transaction.jta.platform' to enable JTA platform integration)
2026-04-18 14:54:54.727 [INFO] [restartedMain] [464] Initialized JPA EntityManagerFactory for persistence unit 'default'
2026-04-18 14:54:54.767 [INFO] [restartedMain] [48] Hibernate is in classpath; If applicable, HQL parser will be used.
2026-04-18 14:54:55.184 [WARN] [restartedMain] [70] Can not find io.netty.resolver.dns.macos.MacOSDnsServerAddressStreamProvider in the classpath, fallback to system defaults. This may result in incorrect DNS resolutions on MacOS. Check whether you have a dependency on 'io.netty:netty-resolver-dns-native-macos'
2026-04-18 14:54:55.384 [WARN] [restartedMain] [247] spring.jpa.open-in-view is enabled by default. Therefore, database queries may be performed during view rendering. Explicitly configure spring.jpa.open-in-view to disable this warning
2026-04-18 14:54:55.397 [WARN] [restartedMain] [83] 

Using generated security password: d58126be-c283-4a41-be43-07126ee5e8de

This generated password is for development use only. Your security configuration must be updated before running your application in production.

2026-04-18 14:54:55.402 [INFO] [restartedMain] [110] Global AuthenticationManager configured with UserDetailsService bean with name inMemoryUserDetailsManager
2026-04-18 14:54:55.552 [INFO] [restartedMain] [48] Failed to set up a Bean Validation provider: jakarta.validation.NoProviderFoundException: Unable to create a Configuration, because no Jakarta Validation provider could be found. Add a provider like Hibernate Validator (RI) to your classpath.
2026-04-18 14:54:55.728 [INFO] [restartedMain] [117] Starting...
2026-04-18 14:54:55.728 [INFO] [restartedMain] [117] BrokerAvailabilityEvent[available=true, SimpleBrokerMessageHandler [org.springframework.messaging.simp.broker.DefaultSubscriptionRegistry@3395a15e]]
2026-04-18 14:54:55.729 [INFO] [restartedMain] [117] Started.
2026-04-18 14:54:55.736 [INFO] [restartedMain] [240] Tomcat started on port 8080 (http) with context path '/kumo/api'
2026-04-18 14:54:55.741 [INFO] [restartedMain] [60] Started KumoApplication in 3.308 seconds (process running for 3.858)
2026-04-18 14:54:59.049 [INFO] [http-nio-8080-exec-1] [168] Initializing Spring DispatcherServlet 'dispatcherServlet'
2026-04-18 14:54:59.050 [INFO] [http-nio-8080-exec-1] [523] Initializing Servlet 'dispatcherServlet'
2026-04-18 14:54:59.067 [INFO] [http-nio-8080-exec-1] [545] Completed initialization in 17 ms
2026-04-18 14:54:59.100 [WARN] [http-nio-8080-exec-1] [522] Cache miss for REQUEST dispatch to '/kumo/api/swagger-ui/index.html' (previous null). Performing CorsConfiguration lookup. This is logged once only at WARN level, and every time at TRACE.
2026-04-18 14:55:00.019 [INFO] [http-nio-8080-exec-9] [390] Init duration for springdoc-openapi is: 320 ms
2026-04-18 14:55:55.770 [INFO] [MessageBroker-1] [147] WebSocketSession[0 current WS(0)-HttpStream(0)-HttpPoll(0), 0 total, 0 closed abnormally (0 connect failure, 0 send limit, 0 transport error)], stompSubProtocol[processed CONNECT(0)-CONNECTED(0)-DISCONNECT(0)], stompBrokerRelay[null], inboundChannel[pool size = 0, active threads = 0, queued tasks = 0, completed tasks = 0], outboundChannel[pool size = 0, active threads = 0, queued tasks = 0, completed tasks = 0], sockJsScheduler[pool size = 1, active threads = 1, queued tasks = 0, completed tasks = 0]
2026-04-18 14:59:26.575 [INFO] [File Watcher] [214] Restarting due to 1 class path change (0 additions, 0 deletions, 1 modification)
2026-04-18 14:59:26.735 [INFO] [Thread-1] [54] Commencing graceful shutdown. Waiting for active requests to complete
2026-04-18 14:59:26.782 [INFO] [tomcat-shutdown] [76] Graceful shutdown complete
2026-04-18 14:59:26.825 [INFO] [Thread-1] [117] Stopping...
2026-04-18 14:59:26.829 [INFO] [Thread-1] [117] BrokerAvailabilityEvent[available=false, SimpleBrokerMessageHandler [org.springframework.messaging.simp.broker.DefaultSubscriptionRegistry@3395a15e]]
2026-04-18 14:59:26.831 [INFO] [Thread-1] [117] Stopped.
2026-04-18 14:59:27.070 [INFO] [Thread-1] [693] Closing JPA EntityManagerFactory for persistence unit 'default'
2026-04-18 14:59:27.262 [INFO] [Thread-1] [349] HikariPool-1 - Shutdown initiated...
2026-04-18 14:59:27.338 [INFO] [Thread-1] [351] HikariPool-1 - Shutdown completed.
2026-04-18 14:59:29.423 [INFO] [restartedMain] [54] Starting KumoApplication using Java 17.0.16 with PID 40216 (/Users/Rainbow_1/IdeaProjects/kumo/target/classes started by pipishrimp in /Users/Rainbow_1/IdeaProjects/kumo)
2026-04-18 14:59:29.424 [DEBUG] [restartedMain] [55] Running with Spring Boot v4.0.5, Spring v7.0.6
2026-04-18 14:59:29.427 [INFO] [restartedMain] [652] No active profile set, falling back to 1 default profile: "default"
2026-04-18 14:59:30.695 [INFO] [restartedMain] [291] Multiple Spring Data modules found, entering strict repository configuration mode
2026-04-18 14:59:30.698 [INFO] [restartedMain] [145] Bootstrapping Spring Data JPA repositories in DEFAULT mode.
2026-04-18 14:59:30.763 [INFO] [restartedMain] [213] Finished Spring Data repository scanning in 52 ms. Found 4 JPA repository interfaces.
2026-04-18 14:59:30.788 [INFO] [restartedMain] [291] Multiple Spring Data modules found, entering strict repository configuration mode
2026-04-18 14:59:30.789 [INFO] [restartedMain] [145] Bootstrapping Spring Data Redis repositories in DEFAULT mode.
2026-04-18 14:59:30.795 [INFO] [restartedMain] [327] Spring Data Redis - Could not safely identify store assignment for repository candidate interface tw.idv.rainbow.web.repository.CampaignsRepository; If you want this repository to be a Redis repository, consider annotating your entities with one of these annotations: org.springframework.data.redis.core.RedisHash (preferred), or consider extending one of the following types with your repository: org.springframework.data.keyvalue.repository.KeyValueRepository
2026-04-18 14:59:30.795 [INFO] [restartedMain] [327] Spring Data Redis - Could not safely identify store assignment for repository candidate interface tw.idv.rainbow.web.repository.ConnectLogsRepository; If you want this repository to be a Redis repository, consider annotating your entities with one of these annotations: org.springframework.data.redis.core.RedisHash (preferred), or consider extending one of the following types with your repository: org.springframework.data.keyvalue.repository.KeyValueRepository
2026-04-18 14:59:30.795 [INFO] [restartedMain] [327] Spring Data Redis - Could not safely identify store assignment for repository candidate interface tw.idv.rainbow.web.repository.DevicesRepository; If you want this repository to be a Redis repository, consider annotating your entities with one of these annotations: org.springframework.data.redis.core.RedisHash (preferred), or consider extending one of the following types with your repository: org.springframework.data.keyvalue.repository.KeyValueRepository
2026-04-18 14:59:30.795 [INFO] [restartedMain] [327] Spring Data Redis - Could not safely identify store assignment for repository candidate interface tw.idv.rainbow.web.repository.StatusRefRepository; If you want this repository to be a Redis repository, consider annotating your entities with one of these annotations: org.springframework.data.redis.core.RedisHash (preferred), or consider extending one of the following types with your repository: org.springframework.data.keyvalue.repository.KeyValueRepository
2026-04-18 14:59:30.795 [INFO] [restartedMain] [213] Finished Spring Data repository scanning in 4 ms. Found 0 Redis repository interfaces.
2026-04-18 14:59:31.102 [INFO] [restartedMain] [114] Tomcat initialized with port 8080 (http)
2026-04-18 14:59:31.104 [INFO] [restartedMain] [168] Starting service [Tomcat]
2026-04-18 14:59:31.105 [INFO] [restartedMain] [168] Starting Servlet engine: [Apache Tomcat/11.0.20]
2026-04-18 14:59:31.129 [INFO] [restartedMain] [77] Root WebApplicationContext: initialization completed in 1689 ms
2026-04-18 14:59:31.171 [DEBUG] [restartedMain] [236] Filter 'jwtFilter' configured for use
2026-04-18 14:59:31.216 [INFO] [restartedMain] [109] HikariPool-2 - Starting...
2026-04-18 14:59:31.321 [INFO] [restartedMain] [580] HikariPool-2 - Added connection com.mysql.cj.jdbc.ConnectionImpl@51e2c4ec
2026-04-18 14:59:31.321 [INFO] [restartedMain] [122] HikariPool-2 - Start completed.
2026-04-18 14:59:31.326 [INFO] [restartedMain] [102] HHH008540: Processing PersistenceUnitInfo [name: default]
2026-04-18 14:59:31.398 [INFO] [restartedMain] [129] No LoadTimeWeaver setup: ignoring JPA class transformer
2026-04-18 14:59:31.409 [WARN] [restartedMain] [152] HHH90000025: MySQLDialect does not need to be specified explicitly using 'hibernate.dialect' (remove the property setting and it will be selected by default)
2026-04-18 14:59:31.415 [INFO] [restartedMain] [179] HHH10001005: Database info:
	Database JDBC URL [jdbc:mysql://localhost:3307/KUMO]
	Database driver: MySQL Connector/J
	Database dialect: MySQLDialect
	Database version: 8.0.36
	Default catalog/schema: KUMO/undefined
	Autocommit mode: undefined/unknown
	Isolation level: REPEATABLE_READ [default REPEATABLE_READ]
	JDBC fetch size: none
	Pool: DataSourceConnectionProvider
	Minimum pool size: undefined/unknown
	Maximum pool size: undefined/unknown
2026-04-18 14:59:31.490 [INFO] [restartedMain] [53] HHH000489: No JTA platform available (set 'hibernate.transaction.jta.platform' to enable JTA platform integration)
2026-04-18 14:59:31.490 [INFO] [restartedMain] [464] Initialized JPA EntityManagerFactory for persistence unit 'default'
2026-04-18 14:59:31.681 [WARN] [restartedMain] [247] spring.jpa.open-in-view is enabled by default. Therefore, database queries may be performed during view rendering. Explicitly configure spring.jpa.open-in-view to disable this warning
2026-04-18 14:59:31.730 [WARN] [restartedMain] [83] 

Using generated security password: 0772b74e-eda3-47ae-973c-9c8f80895493

This generated password is for development use only. Your security configuration must be updated before running your application in production.

2026-04-18 14:59:31.753 [INFO] [restartedMain] [110] Global AuthenticationManager configured with UserDetailsService bean with name inMemoryUserDetailsManager
2026-04-18 14:59:31.882 [INFO] [restartedMain] [48] Failed to set up a Bean Validation provider: jakarta.validation.NoProviderFoundException: Unable to create a Configuration, because no Jakarta Validation provider could be found. Add a provider like Hibernate Validator (RI) to your classpath.
2026-04-18 14:59:31.989 [INFO] [restartedMain] [117] Starting...
2026-04-18 14:59:31.989 [INFO] [restartedMain] [117] BrokerAvailabilityEvent[available=true, SimpleBrokerMessageHandler [org.springframework.messaging.simp.broker.DefaultSubscriptionRegistry@72e3f5bc]]
2026-04-18 14:59:31.989 [INFO] [restartedMain] [117] Started.
2026-04-18 14:59:31.990 [INFO] [restartedMain] [240] Tomcat started on port 8080 (http) with context path '/kumo/api'
2026-04-18 14:59:31.992 [INFO] [restartedMain] [60] Started KumoApplication in 2.743 seconds (process running for 280.127)
2026-04-18 14:59:31.994 [INFO] [restartedMain] [66] Condition evaluation unchanged
2026-04-18 14:59:55.771 [INFO] [File Watcher] [214] Restarting due to 1 class path change (0 additions, 0 deletions, 1 modification)
2026-04-18 14:59:55.863 [INFO] [Thread-5] [54] Commencing graceful shutdown. Waiting for active requests to complete
2026-04-18 14:59:55.876 [INFO] [tomcat-shutdown] [76] Graceful shutdown complete
2026-04-18 14:59:55.882 [INFO] [Thread-5] [117] Stopping...
2026-04-18 14:59:55.883 [INFO] [Thread-5] [117] BrokerAvailabilityEvent[available=false, SimpleBrokerMessageHandler [org.springframework.messaging.simp.broker.DefaultSubscriptionRegistry@72e3f5bc]]
2026-04-18 14:59:55.883 [INFO] [Thread-5] [117] Stopped.
2026-04-18 14:59:55.916 [INFO] [Thread-5] [693] Closing JPA EntityManagerFactory for persistence unit 'default'
2026-04-18 14:59:55.936 [INFO] [Thread-5] [349] HikariPool-2 - Shutdown initiated...
2026-04-18 14:59:55.962 [INFO] [Thread-5] [351] HikariPool-2 - Shutdown completed.
2026-04-18 14:59:56.173 [INFO] [restartedMain] [54] Starting KumoApplication using Java 17.0.16 with PID 40216 (/Users/Rainbow_1/IdeaProjects/kumo/target/classes started by pipishrimp in /Users/Rainbow_1/IdeaProjects/kumo)
2026-04-18 14:59:56.173 [DEBUG] [restartedMain] [55] Running with Spring Boot v4.0.5, Spring v7.0.6
2026-04-18 14:59:56.173 [INFO] [restartedMain] [652] No active profile set, falling back to 1 default profile: "default"
2026-04-18 14:59:56.286 [INFO] [restartedMain] [291] Multiple Spring Data modules found, entering strict repository configuration mode
2026-04-18 14:59:56.287 [INFO] [restartedMain] [145] Bootstrapping Spring Data JPA repositories in DEFAULT mode.
2026-04-18 14:59:56.298 [INFO] [restartedMain] [213] Finished Spring Data repository scanning in 10 ms. Found 4 JPA repository interfaces.
2026-04-18 14:59:56.304 [INFO] [restartedMain] [291] Multiple Spring Data modules found, entering strict repository configuration mode
2026-04-18 14:59:56.304 [INFO] [restartedMain] [145] Bootstrapping Spring Data Redis repositories in DEFAULT mode.
2026-04-18 14:59:56.306 [INFO] [restartedMain] [327] Spring Data Redis - Could not safely identify store assignment for repository candidate interface tw.idv.rainbow.web.repository.CampaignsRepository; If you want this repository to be a Redis repository, consider annotating your entities with one of these annotations: org.springframework.data.redis.core.RedisHash (preferred), or consider extending one of the following types with your repository: org.springframework.data.keyvalue.repository.KeyValueRepository
2026-04-18 14:59:56.306 [INFO] [restartedMain] [327] Spring Data Redis - Could not safely identify store assignment for repository candidate interface tw.idv.rainbow.web.repository.ConnectLogsRepository; If you want this repository to be a Redis repository, consider annotating your entities with one of these annotations: org.springframework.data.redis.core.RedisHash (preferred), or consider extending one of the following types with your repository: org.springframework.data.keyvalue.repository.KeyValueRepository
2026-04-18 14:59:56.306 [INFO] [restartedMain] [327] Spring Data Redis - Could not safely identify store assignment for repository candidate interface tw.idv.rainbow.web.repository.DevicesRepository; If you want this repository to be a Redis repository, consider annotating your entities with one of these annotations: org.springframework.data.redis.core.RedisHash (preferred), or consider extending one of the following types with your repository: org.springframework.data.keyvalue.repository.KeyValueRepository
2026-04-18 14:59:56.307 [INFO] [restartedMain] [327] Spring Data Redis - Could not safely identify store assignment for repository candidate interface tw.idv.rainbow.web.repository.StatusRefRepository; If you want this repository to be a Redis repository, consider annotating your entities with one of these annotations: org.springframework.data.redis.core.RedisHash (preferred), or consider extending one of the following types with your repository: org.springframework.data.keyvalue.repository.KeyValueRepository
2026-04-18 14:59:56.307 [INFO] [restartedMain] [213] Finished Spring Data repository scanning in 1 ms. Found 0 Redis repository interfaces.
2026-04-18 14:59:56.372 [INFO] [restartedMain] [114] Tomcat initialized with port 8080 (http)
2026-04-18 14:59:56.372 [INFO] [restartedMain] [168] Starting service [Tomcat]
2026-04-18 14:59:56.372 [INFO] [restartedMain] [168] Starting Servlet engine: [Apache Tomcat/11.0.20]
2026-04-18 14:59:56.380 [INFO] [restartedMain] [77] Root WebApplicationContext: initialization completed in 206 ms
2026-04-18 14:59:56.390 [DEBUG] [restartedMain] [236] Filter 'jwtFilter' configured for use
2026-04-18 14:59:56.403 [INFO] [restartedMain] [109] HikariPool-3 - Starting...
2026-04-18 14:59:56.454 [INFO] [restartedMain] [580] HikariPool-3 - Added connection com.mysql.cj.jdbc.ConnectionImpl@20a60012
2026-04-18 14:59:56.456 [INFO] [restartedMain] [122] HikariPool-3 - Start completed.
2026-04-18 14:59:56.462 [INFO] [restartedMain] [102] HHH008540: Processing PersistenceUnitInfo [name: default]
2026-04-18 14:59:56.485 [INFO] [restartedMain] [129] No LoadTimeWeaver setup: ignoring JPA class transformer
2026-04-18 14:59:56.488 [WARN] [restartedMain] [152] HHH90000025: MySQLDialect does not need to be specified explicitly using 'hibernate.dialect' (remove the property setting and it will be selected by default)
2026-04-18 14:59:56.493 [INFO] [restartedMain] [179] HHH10001005: Database info:
	Database JDBC URL [jdbc:mysql://localhost:3307/KUMO]
	Database driver: MySQL Connector/J
	Database dialect: MySQLDialect
	Database version: 8.0.36
	Default catalog/schema: KUMO/undefined
	Autocommit mode: undefined/unknown
	Isolation level: REPEATABLE_READ [default REPEATABLE_READ]
	JDBC fetch size: none
	Pool: DataSourceConnectionProvider
	Minimum pool size: undefined/unknown
	Maximum pool size: undefined/unknown
2026-04-18 14:59:56.545 [INFO] [restartedMain] [53] HHH000489: No JTA platform available (set 'hibernate.transaction.jta.platform' to enable JTA platform integration)
2026-04-18 14:59:56.545 [INFO] [restartedMain] [464] Initialized JPA EntityManagerFactory for persistence unit 'default'
2026-04-18 14:59:56.711 [WARN] [restartedMain] [247] spring.jpa.open-in-view is enabled by default. Therefore, database queries may be performed during view rendering. Explicitly configure spring.jpa.open-in-view to disable this warning
2026-04-18 14:59:56.723 [WARN] [restartedMain] [83] 

Using generated security password: b8b84fd1-5625-437c-896c-ec69f1faffd7

This generated password is for development use only. Your security configuration must be updated before running your application in production.

2026-04-18 14:59:56.723 [INFO] [restartedMain] [110] Global AuthenticationManager configured with UserDetailsService bean with name inMemoryUserDetailsManager
2026-04-18 14:59:56.783 [INFO] [restartedMain] [48] Failed to set up a Bean Validation provider: jakarta.validation.NoProviderFoundException: Unable to create a Configuration, because no Jakarta Validation provider could be found. Add a provider like Hibernate Validator (RI) to your classpath.
2026-04-18 14:59:56.832 [INFO] [restartedMain] [117] Starting...
2026-04-18 14:59:56.833 [INFO] [restartedMain] [117] BrokerAvailabilityEvent[available=true, SimpleBrokerMessageHandler [org.springframework.messaging.simp.broker.DefaultSubscriptionRegistry@30b0748f]]
2026-04-18 14:59:56.833 [INFO] [restartedMain] [117] Started.
2026-04-18 14:59:56.833 [INFO] [restartedMain] [240] Tomcat started on port 8080 (http) with context path '/kumo/api'
2026-04-18 14:59:56.835 [INFO] [restartedMain] [60] Started KumoApplication in 0.675 seconds (process running for 304.97)
2026-04-18 14:59:56.835 [INFO] [restartedMain] [66] Condition evaluation unchanged
2026-04-18 15:00:14.455 [INFO] [File Watcher] [214] Restarting due to 1 class path change (0 additions, 1 deletion, 0 modifications)
2026-04-18 15:00:14.476 [INFO] [Thread-9] [54] Commencing graceful shutdown. Waiting for active requests to complete
2026-04-18 15:00:14.484 [INFO] [tomcat-shutdown] [76] Graceful shutdown complete
2026-04-18 15:00:14.488 [INFO] [Thread-9] [117] Stopping...
2026-04-18 15:00:14.488 [INFO] [Thread-9] [117] BrokerAvailabilityEvent[available=false, SimpleBrokerMessageHandler [org.springframework.messaging.simp.broker.DefaultSubscriptionRegistry@30b0748f]]
2026-04-18 15:00:14.488 [INFO] [Thread-9] [117] Stopped.
2026-04-18 15:00:14.500 [INFO] [Thread-9] [693] Closing JPA EntityManagerFactory for persistence unit 'default'
2026-04-18 15:00:14.504 [INFO] [Thread-9] [349] HikariPool-3 - Shutdown initiated...
2026-04-18 15:00:14.516 [INFO] [Thread-9] [351] HikariPool-3 - Shutdown completed.
2026-04-18 15:00:14.734 [INFO] [restartedMain] [54] Starting KumoApplication using Java 17.0.16 with PID 40216 (/Users/Rainbow_1/IdeaProjects/kumo/target/classes started by pipishrimp in /Users/Rainbow_1/IdeaProjects/kumo)
2026-04-18 15:00:14.735 [DEBUG] [restartedMain] [55] Running with Spring Boot v4.0.5, Spring v7.0.6
2026-04-18 15:00:14.735 [INFO] [restartedMain] [652] No active profile set, falling back to 1 default profile: "default"
2026-04-18 15:00:14.928 [INFO] [restartedMain] [291] Multiple Spring Data modules found, entering strict repository configuration mode
2026-04-18 15:00:14.928 [INFO] [restartedMain] [145] Bootstrapping Spring Data JPA repositories in DEFAULT mode.
2026-04-18 15:00:14.942 [INFO] [restartedMain] [213] Finished Spring Data repository scanning in 13 ms. Found 4 JPA repository interfaces.
2026-04-18 15:00:14.951 [INFO] [restartedMain] [291] Multiple Spring Data modules found, entering strict repository configuration mode
2026-04-18 15:00:14.951 [INFO] [restartedMain] [145] Bootstrapping Spring Data Redis repositories in DEFAULT mode.
2026-04-18 15:00:14.955 [INFO] [restartedMain] [327] Spring Data Redis - Could not safely identify store assignment for repository candidate interface tw.idv.rainbow.web.repository.CampaignsRepository; If you want this repository to be a Redis repository, consider annotating your entities with one of these annotations: org.springframework.data.redis.core.RedisHash (preferred), or consider extending one of the following types with your repository: org.springframework.data.keyvalue.repository.KeyValueRepository
2026-04-18 15:00:14.955 [INFO] [restartedMain] [327] Spring Data Redis - Could not safely identify store assignment for repository candidate interface tw.idv.rainbow.web.repository.ConnectLogsRepository; If you want this repository to be a Redis repository, consider annotating your entities with one of these annotations: org.springframework.data.redis.core.RedisHash (preferred), or consider extending one of the following types with your repository: org.springframework.data.keyvalue.repository.KeyValueRepository
2026-04-18 15:00:14.955 [INFO] [restartedMain] [327] Spring Data Redis - Could not safely identify store assignment for repository candidate interface tw.idv.rainbow.web.repository.DevicesRepository; If you want this repository to be a Redis repository, consider annotating your entities with one of these annotations: org.springframework.data.redis.core.RedisHash (preferred), or consider extending one of the following types with your repository: org.springframework.data.keyvalue.repository.KeyValueRepository
2026-04-18 15:00:14.955 [INFO] [restartedMain] [327] Spring Data Redis - Could not safely identify store assignment for repository candidate interface tw.idv.rainbow.web.repository.StatusRefRepository; If you want this repository to be a Redis repository, consider annotating your entities with one of these annotations: org.springframework.data.redis.core.RedisHash (preferred), or consider extending one of the following types with your repository: org.springframework.data.keyvalue.repository.KeyValueRepository
2026-04-18 15:00:14.956 [INFO] [restartedMain] [213] Finished Spring Data repository scanning in 3 ms. Found 0 Redis repository interfaces.
2026-04-18 15:00:15.107 [INFO] [restartedMain] [114] Tomcat initialized with port 8080 (http)
2026-04-18 15:00:15.110 [INFO] [restartedMain] [168] Starting service [Tomcat]
2026-04-18 15:00:15.110 [INFO] [restartedMain] [168] Starting Servlet engine: [Apache Tomcat/11.0.20]
2026-04-18 15:00:15.119 [INFO] [restartedMain] [77] Root WebApplicationContext: initialization completed in 382 ms
2026-04-18 15:00:15.130 [DEBUG] [restartedMain] [236] Filter 'jwtFilter' configured for use
2026-04-18 15:00:15.149 [INFO] [restartedMain] [109] HikariPool-4 - Starting...
2026-04-18 15:00:15.199 [INFO] [restartedMain] [580] HikariPool-4 - Added connection com.mysql.cj.jdbc.ConnectionImpl@7199f1ac
2026-04-18 15:00:15.199 [INFO] [restartedMain] [122] HikariPool-4 - Start completed.
2026-04-18 15:00:15.200 [INFO] [restartedMain] [102] HHH008540: Processing PersistenceUnitInfo [name: default]
2026-04-18 15:00:15.219 [INFO] [restartedMain] [129] No LoadTimeWeaver setup: ignoring JPA class transformer
2026-04-18 15:00:15.226 [WARN] [restartedMain] [152] HHH90000025: MySQLDialect does not need to be specified explicitly using 'hibernate.dialect' (remove the property setting and it will be selected by default)
2026-04-18 15:00:15.235 [INFO] [restartedMain] [179] HHH10001005: Database info:
	Database JDBC URL [jdbc:mysql://localhost:3307/KUMO]
	Database driver: MySQL Connector/J
	Database dialect: MySQLDialect
	Database version: 8.0.36
	Default catalog/schema: KUMO/undefined
	Autocommit mode: undefined/unknown
	Isolation level: REPEATABLE_READ [default REPEATABLE_READ]
	JDBC fetch size: none
	Pool: DataSourceConnectionProvider
	Minimum pool size: undefined/unknown
	Maximum pool size: undefined/unknown
2026-04-18 15:00:15.298 [INFO] [restartedMain] [53] HHH000489: No JTA platform available (set 'hibernate.transaction.jta.platform' to enable JTA platform integration)
2026-04-18 15:00:15.299 [INFO] [restartedMain] [464] Initialized JPA EntityManagerFactory for persistence unit 'default'
2026-04-18 15:00:15.455 [WARN] [restartedMain] [247] spring.jpa.open-in-view is enabled by default. Therefore, database queries may be performed during view rendering. Explicitly configure spring.jpa.open-in-view to disable this warning
2026-04-18 15:00:15.464 [WARN] [restartedMain] [83] 

Using generated security password: 3515ccd5-feda-424a-b10a-7cf8a168bff4

This generated password is for development use only. Your security configuration must be updated before running your application in production.

2026-04-18 15:00:15.464 [INFO] [restartedMain] [110] Global AuthenticationManager configured with UserDetailsService bean with name inMemoryUserDetailsManager
2026-04-18 15:00:15.540 [INFO] [restartedMain] [48] Failed to set up a Bean Validation provider: jakarta.validation.NoProviderFoundException: Unable to create a Configuration, because no Jakarta Validation provider could be found. Add a provider like Hibernate Validator (RI) to your classpath.
2026-04-18 15:00:15.612 [INFO] [restartedMain] [117] Starting...
2026-04-18 15:00:15.612 [INFO] [restartedMain] [117] BrokerAvailabilityEvent[available=true, SimpleBrokerMessageHandler [org.springframework.messaging.simp.broker.DefaultSubscriptionRegistry@7dd8add5]]
2026-04-18 15:00:15.612 [INFO] [restartedMain] [117] Started.
2026-04-18 15:00:15.613 [INFO] [restartedMain] [240] Tomcat started on port 8080 (http) with context path '/kumo/api'
2026-04-18 15:00:15.614 [INFO] [restartedMain] [60] Started KumoApplication in 0.917 seconds (process running for 323.75)
2026-04-18 15:00:15.615 [INFO] [restartedMain] [66] Condition evaluation unchanged
2026-04-18 15:00:17.216 [INFO] [File Watcher] [214] Restarting due to 1 class path change (1 addition, 0 deletions, 0 modifications)
2026-04-18 15:00:17.280 [INFO] [Thread-13] [54] Commencing graceful shutdown. Waiting for active requests to complete
2026-04-18 15:00:17.286 [INFO] [tomcat-shutdown] [76] Graceful shutdown complete
2026-04-18 15:00:17.287 [INFO] [Thread-13] [117] Stopping...
2026-04-18 15:00:17.287 [INFO] [Thread-13] [117] BrokerAvailabilityEvent[available=false, SimpleBrokerMessageHandler [org.springframework.messaging.simp.broker.DefaultSubscriptionRegistry@7dd8add5]]
2026-04-18 15:00:17.287 [INFO] [Thread-13] [117] Stopped.
2026-04-18 15:00:17.350 [INFO] [Thread-13] [693] Closing JPA EntityManagerFactory for persistence unit 'default'
2026-04-18 15:00:17.352 [INFO] [Thread-13] [349] HikariPool-4 - Shutdown initiated...
2026-04-18 15:00:17.388 [INFO] [Thread-13] [351] HikariPool-4 - Shutdown completed.
2026-04-18 15:00:17.631 [INFO] [restartedMain] [54] Starting KumoApplication using Java 17.0.16 with PID 40216 (/Users/Rainbow_1/IdeaProjects/kumo/target/classes started by pipishrimp in /Users/Rainbow_1/IdeaProjects/kumo)
2026-04-18 15:00:17.631 [DEBUG] [restartedMain] [55] Running with Spring Boot v4.0.5, Spring v7.0.6
2026-04-18 15:00:17.632 [INFO] [restartedMain] [652] No active profile set, falling back to 1 default profile: "default"
2026-04-18 15:00:17.766 [INFO] [restartedMain] [291] Multiple Spring Data modules found, entering strict repository configuration mode
2026-04-18 15:00:17.767 [INFO] [restartedMain] [145] Bootstrapping Spring Data JPA repositories in DEFAULT mode.
2026-04-18 15:00:17.777 [INFO] [restartedMain] [213] Finished Spring Data repository scanning in 7 ms. Found 4 JPA repository interfaces.
2026-04-18 15:00:17.781 [INFO] [restartedMain] [291] Multiple Spring Data modules found, entering strict repository configuration mode
2026-04-18 15:00:17.781 [INFO] [restartedMain] [145] Bootstrapping Spring Data Redis repositories in DEFAULT mode.
2026-04-18 15:00:17.783 [INFO] [restartedMain] [327] Spring Data Redis - Could not safely identify store assignment for repository candidate interface tw.idv.rainbow.web.repository.CampaignsRepository; If you want this repository to be a Redis repository, consider annotating your entities with one of these annotations: org.springframework.data.redis.core.RedisHash (preferred), or consider extending one of the following types with your repository: org.springframework.data.keyvalue.repository.KeyValueRepository
2026-04-18 15:00:17.783 [INFO] [restartedMain] [327] Spring Data Redis - Could not safely identify store assignment for repository candidate interface tw.idv.rainbow.web.repository.ConnectLogsRepository; If you want this repository to be a Redis repository, consider annotating your entities with one of these annotations: org.springframework.data.redis.core.RedisHash (preferred), or consider extending one of the following types with your repository: org.springframework.data.keyvalue.repository.KeyValueRepository
2026-04-18 15:00:17.784 [INFO] [restartedMain] [327] Spring Data Redis - Could not safely identify store assignment for repository candidate interface tw.idv.rainbow.web.repository.DevicesRepository; If you want this repository to be a Redis repository, consider annotating your entities with one of these annotations: org.springframework.data.redis.core.RedisHash (preferred), or consider extending one of the following types with your repository: org.springframework.data.keyvalue.repository.KeyValueRepository
2026-04-18 15:00:17.784 [INFO] [restartedMain] [327] Spring Data Redis - Could not safely identify store assignment for repository candidate interface tw.idv.rainbow.web.repository.StatusRefRepository; If you want this repository to be a Redis repository, consider annotating your entities with one of these annotations: org.springframework.data.redis.core.RedisHash (preferred), or consider extending one of the following types with your repository: org.springframework.data.keyvalue.repository.KeyValueRepository
2026-04-18 15:00:17.784 [INFO] [restartedMain] [213] Finished Spring Data repository scanning in 1 ms. Found 0 Redis repository interfaces.
2026-04-18 15:00:17.889 [INFO] [restartedMain] [114] Tomcat initialized with port 8080 (http)
2026-04-18 15:00:17.890 [INFO] [restartedMain] [168] Starting service [Tomcat]
2026-04-18 15:00:17.890 [INFO] [restartedMain] [168] Starting Servlet engine: [Apache Tomcat/11.0.20]
2026-04-18 15:00:17.900 [INFO] [restartedMain] [77] Root WebApplicationContext: initialization completed in 265 ms
2026-04-18 15:00:17.920 [DEBUG] [restartedMain] [236] Filter 'jwtFilter' configured for use
2026-04-18 15:00:17.936 [INFO] [restartedMain] [109] HikariPool-5 - Starting...
2026-04-18 15:00:17.960 [INFO] [restartedMain] [580] HikariPool-5 - Added connection com.mysql.cj.jdbc.ConnectionImpl@34aafb45
2026-04-18 15:00:17.961 [INFO] [restartedMain] [122] HikariPool-5 - Start completed.
2026-04-18 15:00:17.961 [INFO] [restartedMain] [102] HHH008540: Processing PersistenceUnitInfo [name: default]
2026-04-18 15:00:17.971 [INFO] [restartedMain] [129] No LoadTimeWeaver setup: ignoring JPA class transformer
2026-04-18 15:00:17.973 [WARN] [restartedMain] [152] HHH90000025: MySQLDialect does not need to be specified explicitly using 'hibernate.dialect' (remove the property setting and it will be selected by default)
2026-04-18 15:00:17.974 [INFO] [restartedMain] [179] HHH10001005: Database info:
	Database JDBC URL [jdbc:mysql://localhost:3307/KUMO]
	Database driver: MySQL Connector/J
	Database dialect: MySQLDialect
	Database version: 8.0.36
	Default catalog/schema: KUMO/undefined
	Autocommit mode: undefined/unknown
	Isolation level: REPEATABLE_READ [default REPEATABLE_READ]
	JDBC fetch size: none
	Pool: DataSourceConnectionProvider
	Minimum pool size: undefined/unknown
	Maximum pool size: undefined/unknown
2026-04-18 15:00:18.013 [INFO] [restartedMain] [53] HHH000489: No JTA platform available (set 'hibernate.transaction.jta.platform' to enable JTA platform integration)
2026-04-18 15:00:18.014 [INFO] [restartedMain] [464] Initialized JPA EntityManagerFactory for persistence unit 'default'
2026-04-18 15:00:18.446 [WARN] [restartedMain] [247] spring.jpa.open-in-view is enabled by default. Therefore, database queries may be performed during view rendering. Explicitly configure spring.jpa.open-in-view to disable this warning
2026-04-18 15:00:18.502 [WARN] [restartedMain] [83] 

Using generated security password: c53697e9-4cfb-4a69-96b7-74f70dfe2fb5

This generated password is for development use only. Your security configuration must be updated before running your application in production.

2026-04-18 15:00:18.510 [INFO] [restartedMain] [110] Global AuthenticationManager configured with UserDetailsService bean with name inMemoryUserDetailsManager
2026-04-18 15:00:18.824 [INFO] [restartedMain] [48] Failed to set up a Bean Validation provider: jakarta.validation.NoProviderFoundException: Unable to create a Configuration, because no Jakarta Validation provider could be found. Add a provider like Hibernate Validator (RI) to your classpath.
2026-04-18 15:00:18.972 [INFO] [restartedMain] [117] Starting...
2026-04-18 15:00:18.972 [INFO] [restartedMain] [117] BrokerAvailabilityEvent[available=true, SimpleBrokerMessageHandler [org.springframework.messaging.simp.broker.DefaultSubscriptionRegistry@1477dab1]]
2026-04-18 15:00:18.973 [INFO] [restartedMain] [117] Started.
2026-04-18 15:00:18.975 [INFO] [restartedMain] [240] Tomcat started on port 8080 (http) with context path '/kumo/api'
2026-04-18 15:00:18.978 [INFO] [restartedMain] [60] Started KumoApplication in 1.376 seconds (process running for 327.114)
2026-04-18 15:00:18.982 [INFO] [restartedMain] [66] Condition evaluation unchanged
2026-04-18 15:01:18.977 [INFO] [MessageBroker-1] [147] WebSocketSession[0 current WS(0)-HttpStream(0)-HttpPoll(0), 0 total, 0 closed abnormally (0 connect failure, 0 send limit, 0 transport error)], stompSubProtocol[processed CONNECT(0)-CONNECTED(0)-DISCONNECT(0)], stompBrokerRelay[null], inboundChannel[pool size = 0, active threads = 0, queued tasks = 0, completed tasks = 0], outboundChannel[pool size = 0, active threads = 0, queued tasks = 0, completed tasks = 0], sockJsScheduler[pool size = 1, active threads = 1, queued tasks = 0, completed tasks = 0]
2026-04-18 15:03:48.614 [INFO] [SpringApplicationShutdownHook] [54] Commencing graceful shutdown. Waiting for active requests to complete
2026-04-18 15:03:48.623 [INFO] [tomcat-shutdown] [76] Graceful shutdown complete
2026-04-18 15:03:48.626 [INFO] [SpringApplicationShutdownHook] [117] Stopping...
2026-04-18 15:03:48.627 [INFO] [SpringApplicationShutdownHook] [117] BrokerAvailabilityEvent[available=false, SimpleBrokerMessageHandler [org.springframework.messaging.simp.broker.DefaultSubscriptionRegistry@1477dab1]]
2026-04-18 15:03:48.627 [INFO] [SpringApplicationShutdownHook] [117] Stopped.
2026-04-18 15:03:48.653 [INFO] [SpringApplicationShutdownHook] [693] Closing JPA EntityManagerFactory for persistence unit 'default'
2026-04-18 15:03:48.684 [INFO] [SpringApplicationShutdownHook] [349] HikariPool-5 - Shutdown initiated...
2026-04-18 15:03:48.696 [INFO] [SpringApplicationShutdownHook] [351] HikariPool-5 - Shutdown completed.
2026-04-18 15:03:52.060 [INFO] [restartedMain] [54] Starting KumoApplication using Java 17.0.16 with PID 41123 (/Users/Rainbow_1/IdeaProjects/kumo/target/classes started by pipishrimp in /Users/Rainbow_1/IdeaProjects/kumo)
2026-04-18 15:03:52.061 [DEBUG] [restartedMain] [55] Running with Spring Boot v4.0.5, Spring v7.0.6
2026-04-18 15:03:52.061 [INFO] [restartedMain] [652] No active profile set, falling back to 1 default profile: "default"
2026-04-18 15:03:52.088 [INFO] [restartedMain] [69] Devtools property defaults active! Set 'spring.devtools.add-properties' to 'false' to disable
2026-04-18 15:03:52.089 [INFO] [restartedMain] [69] For additional web related logging consider setting the 'logging.level.web' property to 'DEBUG'
2026-04-18 15:03:53.002 [INFO] [restartedMain] [291] Multiple Spring Data modules found, entering strict repository configuration mode
2026-04-18 15:03:53.012 [INFO] [restartedMain] [145] Bootstrapping Spring Data JPA repositories in DEFAULT mode.
2026-04-18 15:03:53.528 [INFO] [restartedMain] [213] Finished Spring Data repository scanning in 470 ms. Found 4 JPA repository interfaces.
2026-04-18 15:03:53.766 [INFO] [restartedMain] [291] Multiple Spring Data modules found, entering strict repository configuration mode
2026-04-18 15:03:53.769 [INFO] [restartedMain] [145] Bootstrapping Spring Data Redis repositories in DEFAULT mode.
2026-04-18 15:03:53.841 [INFO] [restartedMain] [327] Spring Data Redis - Could not safely identify store assignment for repository candidate interface tw.idv.rainbow.web.repository.CampaignsRepository; If you want this repository to be a Redis repository, consider annotating your entities with one of these annotations: org.springframework.data.redis.core.RedisHash (preferred), or consider extending one of the following types with your repository: org.springframework.data.keyvalue.repository.KeyValueRepository
2026-04-18 15:03:53.844 [INFO] [restartedMain] [327] Spring Data Redis - Could not safely identify store assignment for repository candidate interface tw.idv.rainbow.web.repository.ConnectLogsRepository; If you want this repository to be a Redis repository, consider annotating your entities with one of these annotations: org.springframework.data.redis.core.RedisHash (preferred), or consider extending one of the following types with your repository: org.springframework.data.keyvalue.repository.KeyValueRepository
2026-04-18 15:03:53.853 [INFO] [restartedMain] [327] Spring Data Redis - Could not safely identify store assignment for repository candidate interface tw.idv.rainbow.web.repository.DevicesRepository; If you want this repository to be a Redis repository, consider annotating your entities with one of these annotations: org.springframework.data.redis.core.RedisHash (preferred), or consider extending one of the following types with your repository: org.springframework.data.keyvalue.repository.KeyValueRepository
2026-04-18 15:03:53.856 [INFO] [restartedMain] [327] Spring Data Redis - Could not safely identify store assignment for repository candidate interface tw.idv.rainbow.web.repository.StatusRefRepository; If you want this repository to be a Redis repository, consider annotating your entities with one of these annotations: org.springframework.data.redis.core.RedisHash (preferred), or consider extending one of the following types with your repository: org.springframework.data.keyvalue.repository.KeyValueRepository
2026-04-18 15:03:53.858 [INFO] [restartedMain] [213] Finished Spring Data repository scanning in 46 ms. Found 0 Redis repository interfaces.
2026-04-18 15:03:54.551 [INFO] [restartedMain] [114] Tomcat initialized with port 8080 (http)
2026-04-18 15:03:54.561 [INFO] [restartedMain] [168] Starting service [Tomcat]
2026-04-18 15:03:54.561 [INFO] [restartedMain] [168] Starting Servlet engine: [Apache Tomcat/11.0.20]
2026-04-18 15:03:54.585 [INFO] [restartedMain] [77] Root WebApplicationContext: initialization completed in 2496 ms
2026-04-18 15:03:54.632 [DEBUG] [restartedMain] [236] Filter 'jwtFilter' configured for use
2026-04-18 15:03:54.696 [INFO] [restartedMain] [109] HikariPool-1 - Starting...
2026-04-18 15:03:54.981 [INFO] [restartedMain] [580] HikariPool-1 - Added connection com.mysql.cj.jdbc.ConnectionImpl@2ae05f6f
2026-04-18 15:03:54.983 [INFO] [restartedMain] [122] HikariPool-1 - Start completed.
2026-04-18 15:03:55.000 [INFO] [restartedMain] [102] HHH008540: Processing PersistenceUnitInfo [name: default]
2026-04-18 15:03:55.057 [INFO] [restartedMain] [41] HHH000001: Hibernate ORM core version 7.2.7.Final
2026-04-18 15:03:55.420 [INFO] [restartedMain] [129] No LoadTimeWeaver setup: ignoring JPA class transformer
2026-04-18 15:03:55.516 [WARN] [restartedMain] [152] HHH90000025: MySQLDialect does not need to be specified explicitly using 'hibernate.dialect' (remove the property setting and it will be selected by default)
2026-04-18 15:03:55.524 [INFO] [restartedMain] [179] HHH10001005: Database info:
	Database JDBC URL [jdbc:mysql://localhost:3307/KUMO]
	Database driver: MySQL Connector/J
	Database dialect: MySQLDialect
	Database version: 8.0.36
	Default catalog/schema: KUMO/undefined
	Autocommit mode: undefined/unknown
	Isolation level: REPEATABLE_READ [default REPEATABLE_READ]
	JDBC fetch size: none
	Pool: DataSourceConnectionProvider
	Minimum pool size: undefined/unknown
	Maximum pool size: undefined/unknown
2026-04-18 15:03:56.227 [INFO] [restartedMain] [53] HHH000489: No JTA platform available (set 'hibernate.transaction.jta.platform' to enable JTA platform integration)
2026-04-18 15:03:56.233 [INFO] [restartedMain] [464] Initialized JPA EntityManagerFactory for persistence unit 'default'
2026-04-18 15:03:56.285 [INFO] [restartedMain] [48] Hibernate is in classpath; If applicable, HQL parser will be used.
2026-04-18 15:03:56.870 [WARN] [restartedMain] [70] Can not find io.netty.resolver.dns.macos.MacOSDnsServerAddressStreamProvider in the classpath, fallback to system defaults. This may result in incorrect DNS resolutions on MacOS. Check whether you have a dependency on 'io.netty:netty-resolver-dns-native-macos'
2026-04-18 15:03:57.264 [WARN] [restartedMain] [247] spring.jpa.open-in-view is enabled by default. Therefore, database queries may be performed during view rendering. Explicitly configure spring.jpa.open-in-view to disable this warning
2026-04-18 15:03:57.282 [WARN] [restartedMain] [83] 

Using generated security password: b9bbf016-7784-4042-b99a-ecaa6554af88

This generated password is for development use only. Your security configuration must be updated before running your application in production.

2026-04-18 15:03:57.287 [INFO] [restartedMain] [110] Global AuthenticationManager configured with UserDetailsService bean with name inMemoryUserDetailsManager
2026-04-18 15:03:57.485 [INFO] [restartedMain] [48] Failed to set up a Bean Validation provider: jakarta.validation.NoProviderFoundException: Unable to create a Configuration, because no Jakarta Validation provider could be found. Add a provider like Hibernate Validator (RI) to your classpath.
2026-04-18 15:03:57.795 [INFO] [restartedMain] [117] Starting...
2026-04-18 15:03:57.796 [INFO] [restartedMain] [117] BrokerAvailabilityEvent[available=true, SimpleBrokerMessageHandler [org.springframework.messaging.simp.broker.DefaultSubscriptionRegistry@41bf0575]]
2026-04-18 15:03:57.797 [INFO] [restartedMain] [117] Started.
2026-04-18 15:03:57.831 [INFO] [restartedMain] [240] Tomcat started on port 8080 (http) with context path '/kumo/api'
2026-04-18 15:03:57.839 [INFO] [restartedMain] [60] Started KumoApplication in 6.031 seconds (process running for 6.624)
2026-04-18 15:04:08.575 [INFO] [http-nio-8080-exec-1] [168] Initializing Spring DispatcherServlet 'dispatcherServlet'
2026-04-18 15:04:08.575 [INFO] [http-nio-8080-exec-1] [523] Initializing Servlet 'dispatcherServlet'
2026-04-18 15:04:08.585 [INFO] [http-nio-8080-exec-1] [545] Completed initialization in 10 ms
2026-04-18 15:04:08.618 [WARN] [http-nio-8080-exec-1] [522] Cache miss for REQUEST dispatch to '/kumo/api/swagger-ui/index.html' (previous null). Performing CorsConfiguration lookup. This is logged once only at WARN level, and every time at TRACE.
2026-04-18 15:04:09.601 [INFO] [http-nio-8080-exec-9] [390] Init duration for springdoc-openapi is: 288 ms
2026-04-18 15:04:57.809 [INFO] [MessageBroker-1] [147] WebSocketSession[0 current WS(0)-HttpStream(0)-HttpPoll(0), 0 total, 0 closed abnormally (0 connect failure, 0 send limit, 0 transport error)], stompSubProtocol[processed CONNECT(0)-CONNECTED(0)-DISCONNECT(0)], stompBrokerRelay[null], inboundChannel[pool size = 0, active threads = 0, queued tasks = 0, completed tasks = 0], outboundChannel[pool size = 0, active threads = 0, queued tasks = 0, completed tasks = 0], sockJsScheduler[pool size = 1, active threads = 1, queued tasks = 0, completed tasks = 0]
2026-04-18 15:05:05.871 [INFO] [File Watcher] [214] Restarting due to 1 class path change (0 additions, 1 deletion, 0 modifications)
2026-04-18 15:05:05.886 [INFO] [Thread-1] [54] Commencing graceful shutdown. Waiting for active requests to complete
2026-04-18 15:05:05.889 [INFO] [tomcat-shutdown] [76] Graceful shutdown complete
2026-04-18 15:05:05.894 [INFO] [Thread-1] [117] Stopping...
2026-04-18 15:05:05.894 [INFO] [Thread-1] [117] BrokerAvailabilityEvent[available=false, SimpleBrokerMessageHandler [org.springframework.messaging.simp.broker.DefaultSubscriptionRegistry@41bf0575]]
2026-04-18 15:05:05.894 [INFO] [Thread-1] [117] Stopped.
2026-04-18 15:05:05.917 [INFO] [Thread-1] [693] Closing JPA EntityManagerFactory for persistence unit 'default'
2026-04-18 15:05:05.921 [INFO] [Thread-1] [349] HikariPool-1 - Shutdown initiated...
2026-04-18 15:05:05.937 [INFO] [Thread-1] [351] HikariPool-1 - Shutdown completed.
2026-04-18 15:05:06.049 [INFO] [restartedMain] [54] Starting KumoApplication using Java 17.0.16 with PID 41123 (/Users/Rainbow_1/IdeaProjects/kumo/target/classes started by pipishrimp in /Users/Rainbow_1/IdeaProjects/kumo)
2026-04-18 15:05:06.049 [DEBUG] [restartedMain] [55] Running with Spring Boot v4.0.5, Spring v7.0.6
2026-04-18 15:05:06.049 [INFO] [restartedMain] [652] No active profile set, falling back to 1 default profile: "default"
2026-04-18 15:05:06.242 [INFO] [restartedMain] [291] Multiple Spring Data modules found, entering strict repository configuration mode
2026-04-18 15:05:06.242 [INFO] [restartedMain] [145] Bootstrapping Spring Data JPA repositories in DEFAULT mode.
2026-04-18 15:05:06.250 [INFO] [restartedMain] [213] Finished Spring Data repository scanning in 7 ms. Found 4 JPA repository interfaces.
2026-04-18 15:05:06.255 [INFO] [restartedMain] [291] Multiple Spring Data modules found, entering strict repository configuration mode
2026-04-18 15:05:06.255 [INFO] [restartedMain] [145] Bootstrapping Spring Data Redis repositories in DEFAULT mode.
2026-04-18 15:05:06.258 [INFO] [restartedMain] [327] Spring Data Redis - Could not safely identify store assignment for repository candidate interface tw.idv.rainbow.web.repository.CampaignsRepository; If you want this repository to be a Redis repository, consider annotating your entities with one of these annotations: org.springframework.data.redis.core.RedisHash (preferred), or consider extending one of the following types with your repository: org.springframework.data.keyvalue.repository.KeyValueRepository
2026-04-18 15:05:06.258 [INFO] [restartedMain] [327] Spring Data Redis - Could not safely identify store assignment for repository candidate interface tw.idv.rainbow.web.repository.ConnectLogsRepository; If you want this repository to be a Redis repository, consider annotating your entities with one of these annotations: org.springframework.data.redis.core.RedisHash (preferred), or consider extending one of the following types with your repository: org.springframework.data.keyvalue.repository.KeyValueRepository
2026-04-18 15:05:06.258 [INFO] [restartedMain] [327] Spring Data Redis - Could not safely identify store assignment for repository candidate interface tw.idv.rainbow.web.repository.DevicesRepository; If you want this repository to be a Redis repository, consider annotating your entities with one of these annotations: org.springframework.data.redis.core.RedisHash (preferred), or consider extending one of the following types with your repository: org.springframework.data.keyvalue.repository.KeyValueRepository
2026-04-18 15:05:06.258 [INFO] [restartedMain] [327] Spring Data Redis - Could not safely identify store assignment for repository candidate interface tw.idv.rainbow.web.repository.StatusRefRepository; If you want this repository to be a Redis repository, consider annotating your entities with one of these annotations: org.springframework.data.redis.core.RedisHash (preferred), or consider extending one of the following types with your repository: org.springframework.data.keyvalue.repository.KeyValueRepository
2026-04-18 15:05:06.258 [INFO] [restartedMain] [213] Finished Spring Data repository scanning in 2 ms. Found 0 Redis repository interfaces.
2026-04-18 15:05:06.339 [INFO] [restartedMain] [114] Tomcat initialized with port 8080 (http)
2026-04-18 15:05:06.340 [INFO] [restartedMain] [168] Starting service [Tomcat]
2026-04-18 15:05:06.340 [INFO] [restartedMain] [168] Starting Servlet engine: [Apache Tomcat/11.0.20]
2026-04-18 15:05:06.346 [INFO] [restartedMain] [77] Root WebApplicationContext: initialization completed in 295 ms
2026-04-18 15:05:06.354 [DEBUG] [restartedMain] [236] Filter 'jwtFilter' configured for use
2026-04-18 15:05:06.364 [INFO] [restartedMain] [109] HikariPool-2 - Starting...
2026-04-18 15:05:06.398 [INFO] [restartedMain] [580] HikariPool-2 - Added connection com.mysql.cj.jdbc.ConnectionImpl@26abaae7
2026-04-18 15:05:06.398 [INFO] [restartedMain] [122] HikariPool-2 - Start completed.
2026-04-18 15:05:06.399 [INFO] [restartedMain] [102] HHH008540: Processing PersistenceUnitInfo [name: default]
2026-04-18 15:05:06.410 [INFO] [restartedMain] [129] No LoadTimeWeaver setup: ignoring JPA class transformer
2026-04-18 15:05:06.412 [WARN] [restartedMain] [152] HHH90000025: MySQLDialect does not need to be specified explicitly using 'hibernate.dialect' (remove the property setting and it will be selected by default)
2026-04-18 15:05:06.413 [INFO] [restartedMain] [179] HHH10001005: Database info:
	Database JDBC URL [jdbc:mysql://localhost:3307/KUMO]
	Database driver: MySQL Connector/J
	Database dialect: MySQLDialect
	Database version: 8.0.36
	Default catalog/schema: KUMO/undefined
	Autocommit mode: undefined/unknown
	Isolation level: REPEATABLE_READ [default REPEATABLE_READ]
	JDBC fetch size: none
	Pool: DataSourceConnectionProvider
	Minimum pool size: undefined/unknown
	Maximum pool size: undefined/unknown
2026-04-18 15:05:06.475 [INFO] [restartedMain] [53] HHH000489: No JTA platform available (set 'hibernate.transaction.jta.platform' to enable JTA platform integration)
2026-04-18 15:05:06.475 [INFO] [restartedMain] [464] Initialized JPA EntityManagerFactory for persistence unit 'default'
2026-04-18 15:05:06.596 [WARN] [restartedMain] [247] spring.jpa.open-in-view is enabled by default. Therefore, database queries may be performed during view rendering. Explicitly configure spring.jpa.open-in-view to disable this warning
2026-04-18 15:05:06.603 [WARN] [restartedMain] [83] 

Using generated security password: b8bc5c1d-f79d-409b-82a4-e1f2e8b2024f

This generated password is for development use only. Your security configuration must be updated before running your application in production.

2026-04-18 15:05:06.603 [INFO] [restartedMain] [110] Global AuthenticationManager configured with UserDetailsService bean with name inMemoryUserDetailsManager
2026-04-18 15:05:06.664 [INFO] [restartedMain] [48] Failed to set up a Bean Validation provider: jakarta.validation.NoProviderFoundException: Unable to create a Configuration, because no Jakarta Validation provider could be found. Add a provider like Hibernate Validator (RI) to your classpath.
2026-04-18 15:05:06.745 [INFO] [restartedMain] [117] Starting...
2026-04-18 15:05:06.746 [INFO] [restartedMain] [117] BrokerAvailabilityEvent[available=true, SimpleBrokerMessageHandler [org.springframework.messaging.simp.broker.DefaultSubscriptionRegistry@c1dc22f]]
2026-04-18 15:05:06.746 [INFO] [restartedMain] [117] Started.
2026-04-18 15:05:06.747 [INFO] [restartedMain] [240] Tomcat started on port 8080 (http) with context path '/kumo/api'
2026-04-18 15:05:06.750 [INFO] [restartedMain] [60] Started KumoApplication in 0.717 seconds (process running for 75.536)
2026-04-18 15:05:06.751 [INFO] [restartedMain] [66] Condition evaluation unchanged
2026-04-18 15:05:08.183 [INFO] [File Watcher] [214] Restarting due to 1 class path change (1 addition, 0 deletions, 0 modifications)
2026-04-18 15:05:08.215 [INFO] [Thread-5] [54] Commencing graceful shutdown. Waiting for active requests to complete
2026-04-18 15:05:08.227 [INFO] [tomcat-shutdown] [76] Graceful shutdown complete
2026-04-18 15:05:08.233 [INFO] [Thread-5] [117] Stopping...
2026-04-18 15:05:08.234 [INFO] [Thread-5] [117] BrokerAvailabilityEvent[available=false, SimpleBrokerMessageHandler [org.springframework.messaging.simp.broker.DefaultSubscriptionRegistry@c1dc22f]]
2026-04-18 15:05:08.234 [INFO] [Thread-5] [117] Stopped.
2026-04-18 15:05:08.259 [INFO] [Thread-5] [693] Closing JPA EntityManagerFactory for persistence unit 'default'
2026-04-18 15:05:08.272 [INFO] [Thread-5] [349] HikariPool-2 - Shutdown initiated...
2026-04-18 15:05:08.302 [INFO] [Thread-5] [351] HikariPool-2 - Shutdown completed.
2026-04-18 15:05:08.573 [INFO] [restartedMain] [54] Starting KumoApplication using Java 17.0.16 with PID 41123 (/Users/Rainbow_1/IdeaProjects/kumo/target/classes started by pipishrimp in /Users/Rainbow_1/IdeaProjects/kumo)
2026-04-18 15:05:08.574 [DEBUG] [restartedMain] [55] Running with Spring Boot v4.0.5, Spring v7.0.6
2026-04-18 15:05:08.574 [INFO] [restartedMain] [652] No active profile set, falling back to 1 default profile: "default"
2026-04-18 15:05:09.098 [INFO] [restartedMain] [291] Multiple Spring Data modules found, entering strict repository configuration mode
2026-04-18 15:05:09.103 [INFO] [restartedMain] [145] Bootstrapping Spring Data JPA repositories in DEFAULT mode.
2026-04-18 15:05:09.134 [INFO] [restartedMain] [213] Finished Spring Data repository scanning in 29 ms. Found 4 JPA repository interfaces.
2026-04-18 15:05:09.142 [INFO] [restartedMain] [291] Multiple Spring Data modules found, entering strict repository configuration mode
2026-04-18 15:05:09.143 [INFO] [restartedMain] [145] Bootstrapping Spring Data Redis repositories in DEFAULT mode.
2026-04-18 15:05:09.146 [INFO] [restartedMain] [327] Spring Data Redis - Could not safely identify store assignment for repository candidate interface tw.idv.rainbow.web.repository.CampaignsRepository; If you want this repository to be a Redis repository, consider annotating your entities with one of these annotations: org.springframework.data.redis.core.RedisHash (preferred), or consider extending one of the following types with your repository: org.springframework.data.keyvalue.repository.KeyValueRepository
2026-04-18 15:05:09.147 [INFO] [restartedMain] [327] Spring Data Redis - Could not safely identify store assignment for repository candidate interface tw.idv.rainbow.web.repository.ConnectLogsRepository; If you want this repository to be a Redis repository, consider annotating your entities with one of these annotations: org.springframework.data.redis.core.RedisHash (preferred), or consider extending one of the following types with your repository: org.springframework.data.keyvalue.repository.KeyValueRepository
2026-04-18 15:05:09.147 [INFO] [restartedMain] [327] Spring Data Redis - Could not safely identify store assignment for repository candidate interface tw.idv.rainbow.web.repository.DevicesRepository; If you want this repository to be a Redis repository, consider annotating your entities with one of these annotations: org.springframework.data.redis.core.RedisHash (preferred), or consider extending one of the following types with your repository: org.springframework.data.keyvalue.repository.KeyValueRepository
2026-04-18 15:05:09.147 [INFO] [restartedMain] [327] Spring Data Redis - Could not safely identify store assignment for repository candidate interface tw.idv.rainbow.web.repository.StatusRefRepository; If you want this repository to be a Redis repository, consider annotating your entities with one of these annotations: org.springframework.data.redis.core.RedisHash (preferred), or consider extending one of the following types with your repository: org.springframework.data.keyvalue.repository.KeyValueRepository
2026-04-18 15:05:09.147 [INFO] [restartedMain] [213] Finished Spring Data repository scanning in 3 ms. Found 0 Redis repository interfaces.
2026-04-18 15:05:09.311 [INFO] [restartedMain] [114] Tomcat initialized with port 8080 (http)
2026-04-18 15:05:09.312 [INFO] [restartedMain] [168] Starting service [Tomcat]
2026-04-18 15:05:09.312 [INFO] [restartedMain] [168] Starting Servlet engine: [Apache Tomcat/11.0.20]
2026-04-18 15:05:09.321 [INFO] [restartedMain] [77] Root WebApplicationContext: initialization completed in 745 ms
2026-04-18 15:05:09.333 [DEBUG] [restartedMain] [236] Filter 'jwtFilter' configured for use
2026-04-18 15:05:09.346 [INFO] [restartedMain] [109] HikariPool-3 - Starting...
2026-04-18 15:05:09.374 [INFO] [restartedMain] [580] HikariPool-3 - Added connection com.mysql.cj.jdbc.ConnectionImpl@260dd3e2
2026-04-18 15:05:09.375 [INFO] [restartedMain] [122] HikariPool-3 - Start completed.
2026-04-18 15:05:09.375 [INFO] [restartedMain] [102] HHH008540: Processing PersistenceUnitInfo [name: default]
2026-04-18 15:05:09.409 [INFO] [restartedMain] [129] No LoadTimeWeaver setup: ignoring JPA class transformer
2026-04-18 15:05:09.418 [WARN] [restartedMain] [152] HHH90000025: MySQLDialect does not need to be specified explicitly using 'hibernate.dialect' (remove the property setting and it will be selected by default)
2026-04-18 15:05:09.421 [INFO] [restartedMain] [179] HHH10001005: Database info:
	Database JDBC URL [jdbc:mysql://localhost:3307/KUMO]
	Database driver: MySQL Connector/J
	Database dialect: MySQLDialect
	Database version: 8.0.36
	Default catalog/schema: KUMO/undefined
	Autocommit mode: undefined/unknown
	Isolation level: REPEATABLE_READ [default REPEATABLE_READ]
	JDBC fetch size: none
	Pool: DataSourceConnectionProvider
	Minimum pool size: undefined/unknown
	Maximum pool size: undefined/unknown
2026-04-18 15:05:09.483 [INFO] [restartedMain] [53] HHH000489: No JTA platform available (set 'hibernate.transaction.jta.platform' to enable JTA platform integration)
2026-04-18 15:05:09.484 [INFO] [restartedMain] [464] Initialized JPA EntityManagerFactory for persistence unit 'default'
2026-04-18 15:05:09.658 [WARN] [restartedMain] [247] spring.jpa.open-in-view is enabled by default. Therefore, database queries may be performed during view rendering. Explicitly configure spring.jpa.open-in-view to disable this warning
2026-04-18 15:05:09.676 [WARN] [restartedMain] [83] 

Using generated security password: c8ad10b9-6f93-439c-9177-9824ae6dcdf4

This generated password is for development use only. Your security configuration must be updated before running your application in production.

2026-04-18 15:05:09.678 [INFO] [restartedMain] [110] Global AuthenticationManager configured with UserDetailsService bean with name inMemoryUserDetailsManager
2026-04-18 15:05:09.761 [INFO] [restartedMain] [48] Failed to set up a Bean Validation provider: jakarta.validation.NoProviderFoundException: Unable to create a Configuration, because no Jakarta Validation provider could be found. Add a provider like Hibernate Validator (RI) to your classpath.
2026-04-18 15:05:09.814 [INFO] [restartedMain] [117] Starting...
2026-04-18 15:05:09.814 [INFO] [restartedMain] [117] BrokerAvailabilityEvent[available=true, SimpleBrokerMessageHandler [org.springframework.messaging.simp.broker.DefaultSubscriptionRegistry@15c416a9]]
2026-04-18 15:05:09.815 [INFO] [restartedMain] [117] Started.
2026-04-18 15:05:09.816 [INFO] [restartedMain] [240] Tomcat started on port 8080 (http) with context path '/kumo/api'
2026-04-18 15:05:09.817 [INFO] [restartedMain] [60] Started KumoApplication in 1.283 seconds (process running for 78.603)
2026-04-18 15:05:09.818 [INFO] [restartedMain] [66] Condition evaluation unchanged
2026-04-18 15:06:09.814 [INFO] [MessageBroker-1] [147] WebSocketSession[0 current WS(0)-HttpStream(0)-HttpPoll(0), 0 total, 0 closed abnormally (0 connect failure, 0 send limit, 0 transport error)], stompSubProtocol[processed CONNECT(0)-CONNECTED(0)-DISCONNECT(0)], stompBrokerRelay[null], inboundChannel[pool size = 0, active threads = 0, queued tasks = 0, completed tasks = 0], outboundChannel[pool size = 0, active threads = 0, queued tasks = 0, completed tasks = 0], sockJsScheduler[pool size = 1, active threads = 1, queued tasks = 0, completed tasks = 0]
2026-04-18 15:08:17.664 [INFO] [File Watcher] [214] Restarting due to 1 class path change (0 additions, 0 deletions, 1 modification)
2026-04-18 15:08:17.710 [INFO] [Thread-9] [54] Commencing graceful shutdown. Waiting for active requests to complete
2026-04-18 15:08:17.726 [INFO] [tomcat-shutdown] [76] Graceful shutdown complete
2026-04-18 15:08:17.731 [INFO] [Thread-9] [117] Stopping...
2026-04-18 15:08:17.733 [INFO] [Thread-9] [117] BrokerAvailabilityEvent[available=false, SimpleBrokerMessageHandler [org.springframework.messaging.simp.broker.DefaultSubscriptionRegistry@15c416a9]]
2026-04-18 15:08:17.733 [INFO] [Thread-9] [117] Stopped.
2026-04-18 15:08:17.749 [INFO] [Thread-9] [693] Closing JPA EntityManagerFactory for persistence unit 'default'
2026-04-18 15:08:17.754 [INFO] [Thread-9] [349] HikariPool-3 - Shutdown initiated...
2026-04-18 15:08:17.766 [INFO] [Thread-9] [351] HikariPool-3 - Shutdown completed.
2026-04-18 15:08:17.927 [INFO] [restartedMain] [54] Starting KumoApplication using Java 17.0.16 with PID 41123 (/Users/Rainbow_1/IdeaProjects/kumo/target/classes started by pipishrimp in /Users/Rainbow_1/IdeaProjects/kumo)
2026-04-18 15:08:17.927 [DEBUG] [restartedMain] [55] Running with Spring Boot v4.0.5, Spring v7.0.6
2026-04-18 15:08:17.927 [INFO] [restartedMain] [652] No active profile set, falling back to 1 default profile: "default"
2026-04-18 15:08:18.066 [INFO] [restartedMain] [291] Multiple Spring Data modules found, entering strict repository configuration mode
2026-04-18 15:08:18.067 [INFO] [restartedMain] [145] Bootstrapping Spring Data JPA repositories in DEFAULT mode.
2026-04-18 15:08:18.075 [INFO] [restartedMain] [213] Finished Spring Data repository scanning in 7 ms. Found 4 JPA repository interfaces.
2026-04-18 15:08:18.080 [INFO] [restartedMain] [291] Multiple Spring Data modules found, entering strict repository configuration mode
2026-04-18 15:08:18.081 [INFO] [restartedMain] [145] Bootstrapping Spring Data Redis repositories in DEFAULT mode.
2026-04-18 15:08:18.084 [INFO] [restartedMain] [327] Spring Data Redis - Could not safely identify store assignment for repository candidate interface tw.idv.rainbow.web.repository.CampaignsRepository; If you want this repository to be a Redis repository, consider annotating your entities with one of these annotations: org.springframework.data.redis.core.RedisHash (preferred), or consider extending one of the following types with your repository: org.springframework.data.keyvalue.repository.KeyValueRepository
2026-04-18 15:08:18.084 [INFO] [restartedMain] [327] Spring Data Redis - Could not safely identify store assignment for repository candidate interface tw.idv.rainbow.web.repository.ConnectLogsRepository; If you want this repository to be a Redis repository, consider annotating your entities with one of these annotations: org.springframework.data.redis.core.RedisHash (preferred), or consider extending one of the following types with your repository: org.springframework.data.keyvalue.repository.KeyValueRepository
2026-04-18 15:08:18.085 [INFO] [restartedMain] [327] Spring Data Redis - Could not safely identify store assignment for repository candidate interface tw.idv.rainbow.web.repository.DevicesRepository; If you want this repository to be a Redis repository, consider annotating your entities with one of these annotations: org.springframework.data.redis.core.RedisHash (preferred), or consider extending one of the following types with your repository: org.springframework.data.keyvalue.repository.KeyValueRepository
2026-04-18 15:08:18.085 [INFO] [restartedMain] [327] Spring Data Redis - Could not safely identify store assignment for repository candidate interface tw.idv.rainbow.web.repository.StatusRefRepository; If you want this repository to be a Redis repository, consider annotating your entities with one of these annotations: org.springframework.data.redis.core.RedisHash (preferred), or consider extending one of the following types with your repository: org.springframework.data.keyvalue.repository.KeyValueRepository
2026-04-18 15:08:18.085 [INFO] [restartedMain] [213] Finished Spring Data repository scanning in 2 ms. Found 0 Redis repository interfaces.
2026-04-18 15:08:18.169 [INFO] [restartedMain] [114] Tomcat initialized with port 8080 (http)
2026-04-18 15:08:18.169 [INFO] [restartedMain] [168] Starting service [Tomcat]
2026-04-18 15:08:18.169 [INFO] [restartedMain] [168] Starting Servlet engine: [Apache Tomcat/11.0.20]
2026-04-18 15:08:18.176 [INFO] [restartedMain] [77] Root WebApplicationContext: initialization completed in 248 ms
2026-04-18 15:08:18.184 [DEBUG] [restartedMain] [236] Filter 'jwtFilter' configured for use
2026-04-18 15:08:18.200 [INFO] [restartedMain] [109] HikariPool-4 - Starting...
2026-04-18 15:08:18.247 [INFO] [restartedMain] [580] HikariPool-4 - Added connection com.mysql.cj.jdbc.ConnectionImpl@456e1172
2026-04-18 15:08:18.247 [INFO] [restartedMain] [122] HikariPool-4 - Start completed.
2026-04-18 15:08:18.248 [INFO] [restartedMain] [102] HHH008540: Processing PersistenceUnitInfo [name: default]
2026-04-18 15:08:18.261 [INFO] [restartedMain] [129] No LoadTimeWeaver setup: ignoring JPA class transformer
2026-04-18 15:08:18.263 [WARN] [restartedMain] [152] HHH90000025: MySQLDialect does not need to be specified explicitly using 'hibernate.dialect' (remove the property setting and it will be selected by default)
2026-04-18 15:08:18.266 [INFO] [restartedMain] [179] HHH10001005: Database info:
	Database JDBC URL [jdbc:mysql://localhost:3307/KUMO]
	Database driver: MySQL Connector/J
	Database dialect: MySQLDialect
	Database version: 8.0.36
	Default catalog/schema: KUMO/undefined
	Autocommit mode: undefined/unknown
	Isolation level: REPEATABLE_READ [default REPEATABLE_READ]
	JDBC fetch size: none
	Pool: DataSourceConnectionProvider
	Minimum pool size: undefined/unknown
	Maximum pool size: undefined/unknown
2026-04-18 15:08:18.306 [INFO] [restartedMain] [53] HHH000489: No JTA platform available (set 'hibernate.transaction.jta.platform' to enable JTA platform integration)
2026-04-18 15:08:18.307 [INFO] [restartedMain] [464] Initialized JPA EntityManagerFactory for persistence unit 'default'
2026-04-18 15:08:18.390 [WARN] [restartedMain] [247] spring.jpa.open-in-view is enabled by default. Therefore, database queries may be performed during view rendering. Explicitly configure spring.jpa.open-in-view to disable this warning
2026-04-18 15:08:18.396 [WARN] [restartedMain] [83] 

Using generated security password: a6ddced7-4047-4a76-84ff-3cf9c3b31aad

This generated password is for development use only. Your security configuration must be updated before running your application in production.

2026-04-18 15:08:18.397 [INFO] [restartedMain] [110] Global AuthenticationManager configured with UserDetailsService bean with name inMemoryUserDetailsManager
2026-04-18 15:08:18.461 [INFO] [restartedMain] [48] Failed to set up a Bean Validation provider: jakarta.validation.NoProviderFoundException: Unable to create a Configuration, because no Jakarta Validation provider could be found. Add a provider like Hibernate Validator (RI) to your classpath.
2026-04-18 15:08:18.521 [INFO] [restartedMain] [117] Starting...
2026-04-18 15:08:18.521 [INFO] [restartedMain] [117] BrokerAvailabilityEvent[available=true, SimpleBrokerMessageHandler [org.springframework.messaging.simp.broker.DefaultSubscriptionRegistry@23ca74ec]]
2026-04-18 15:08:18.521 [INFO] [restartedMain] [117] Started.
2026-04-18 15:08:18.522 [INFO] [restartedMain] [240] Tomcat started on port 8080 (http) with context path '/kumo/api'
2026-04-18 15:08:18.523 [INFO] [restartedMain] [60] Started KumoApplication in 0.618 seconds (process running for 267.313)
2026-04-18 15:08:18.524 [INFO] [restartedMain] [66] Condition evaluation unchanged
2026-04-18 15:09:18.530 [INFO] [MessageBroker-1] [147] WebSocketSession[0 current WS(0)-HttpStream(0)-HttpPoll(0), 0 total, 0 closed abnormally (0 connect failure, 0 send limit, 0 transport error)], stompSubProtocol[processed CONNECT(0)-CONNECTED(0)-DISCONNECT(0)], stompBrokerRelay[null], inboundChannel[pool size = 0, active threads = 0, queued tasks = 0, completed tasks = 0], outboundChannel[pool size = 0, active threads = 0, queued tasks = 0, completed tasks = 0], sockJsScheduler[pool size = 1, active threads = 1, queued tasks = 0, completed tasks = 0]
2026-04-18 15:10:17.339 [INFO] [File Watcher] [214] Restarting due to 1 class path change (0 additions, 1 deletion, 0 modifications)
2026-04-18 15:10:17.381 [INFO] [Thread-13] [54] Commencing graceful shutdown. Waiting for active requests to complete
2026-04-18 15:10:17.392 [INFO] [tomcat-shutdown] [76] Graceful shutdown complete
2026-04-18 15:10:17.397 [INFO] [Thread-13] [117] Stopping...
2026-04-18 15:10:17.397 [INFO] [Thread-13] [117] BrokerAvailabilityEvent[available=false, SimpleBrokerMessageHandler [org.springframework.messaging.simp.broker.DefaultSubscriptionRegistry@23ca74ec]]
2026-04-18 15:10:17.398 [INFO] [Thread-13] [117] Stopped.
2026-04-18 15:10:17.420 [INFO] [Thread-13] [693] Closing JPA EntityManagerFactory for persistence unit 'default'
2026-04-18 15:10:17.430 [INFO] [Thread-13] [349] HikariPool-4 - Shutdown initiated...
2026-04-18 15:10:17.442 [INFO] [Thread-13] [351] HikariPool-4 - Shutdown completed.
2026-04-18 15:10:17.841 [INFO] [restartedMain] [54] Starting KumoApplication using Java 17.0.16 with PID 41123 (/Users/Rainbow_1/IdeaProjects/kumo/target/classes started by pipishrimp in /Users/Rainbow_1/IdeaProjects/kumo)
2026-04-18 15:10:17.842 [DEBUG] [restartedMain] [55] Running with Spring Boot v4.0.5, Spring v7.0.6
2026-04-18 15:10:17.842 [INFO] [restartedMain] [652] No active profile set, falling back to 1 default profile: "default"
2026-04-18 15:10:18.147 [INFO] [restartedMain] [291] Multiple Spring Data modules found, entering strict repository configuration mode
2026-04-18 15:10:18.147 [INFO] [restartedMain] [145] Bootstrapping Spring Data JPA repositories in DEFAULT mode.
2026-04-18 15:10:18.164 [INFO] [restartedMain] [213] Finished Spring Data repository scanning in 14 ms. Found 4 JPA repository interfaces.
2026-04-18 15:10:18.171 [INFO] [restartedMain] [291] Multiple Spring Data modules found, entering strict repository configuration mode
2026-04-18 15:10:18.171 [INFO] [restartedMain] [145] Bootstrapping Spring Data Redis repositories in DEFAULT mode.
2026-04-18 15:10:18.174 [INFO] [restartedMain] [327] Spring Data Redis - Could not safely identify store assignment for repository candidate interface tw.idv.rainbow.web.repository.CampaignsRepository; If you want this repository to be a Redis repository, consider annotating your entities with one of these annotations: org.springframework.data.redis.core.RedisHash (preferred), or consider extending one of the following types with your repository: org.springframework.data.keyvalue.repository.KeyValueRepository
2026-04-18 15:10:18.175 [INFO] [restartedMain] [327] Spring Data Redis - Could not safely identify store assignment for repository candidate interface tw.idv.rainbow.web.repository.ConnectLogsRepository; If you want this repository to be a Redis repository, consider annotating your entities with one of these annotations: org.springframework.data.redis.core.RedisHash (preferred), or consider extending one of the following types with your repository: org.springframework.data.keyvalue.repository.KeyValueRepository
2026-04-18 15:10:18.175 [INFO] [restartedMain] [327] Spring Data Redis - Could not safely identify store assignment for repository candidate interface tw.idv.rainbow.web.repository.DevicesRepository; If you want this repository to be a Redis repository, consider annotating your entities with one of these annotations: org.springframework.data.redis.core.RedisHash (preferred), or consider extending one of the following types with your repository: org.springframework.data.keyvalue.repository.KeyValueRepository
2026-04-18 15:10:18.175 [INFO] [restartedMain] [327] Spring Data Redis - Could not safely identify store assignment for repository candidate interface tw.idv.rainbow.web.repository.StatusRefRepository; If you want this repository to be a Redis repository, consider annotating your entities with one of these annotations: org.springframework.data.redis.core.RedisHash (preferred), or consider extending one of the following types with your repository: org.springframework.data.keyvalue.repository.KeyValueRepository
2026-04-18 15:10:18.175 [INFO] [restartedMain] [213] Finished Spring Data repository scanning in 2 ms. Found 0 Redis repository interfaces.
2026-04-18 15:10:18.275 [INFO] [restartedMain] [114] Tomcat initialized with port 8080 (http)
2026-04-18 15:10:18.275 [INFO] [restartedMain] [168] Starting service [Tomcat]
2026-04-18 15:10:18.275 [INFO] [restartedMain] [168] Starting Servlet engine: [Apache Tomcat/11.0.20]
2026-04-18 15:10:18.282 [INFO] [restartedMain] [77] Root WebApplicationContext: initialization completed in 437 ms
2026-04-18 15:10:18.291 [DEBUG] [restartedMain] [236] Filter 'jwtFilter' configured for use
2026-04-18 15:10:18.304 [INFO] [restartedMain] [109] HikariPool-5 - Starting...
2026-04-18 15:10:18.364 [INFO] [restartedMain] [580] HikariPool-5 - Added connection com.mysql.cj.jdbc.ConnectionImpl@11571f3
2026-04-18 15:10:18.364 [INFO] [restartedMain] [122] HikariPool-5 - Start completed.
2026-04-18 15:10:18.365 [INFO] [restartedMain] [102] HHH008540: Processing PersistenceUnitInfo [name: default]
2026-04-18 15:10:18.388 [INFO] [restartedMain] [129] No LoadTimeWeaver setup: ignoring JPA class transformer
2026-04-18 15:10:18.392 [WARN] [restartedMain] [152] HHH90000025: MySQLDialect does not need to be specified explicitly using 'hibernate.dialect' (remove the property setting and it will be selected by default)
2026-04-18 15:10:18.396 [INFO] [restartedMain] [179] HHH10001005: Database info:
	Database JDBC URL [jdbc:mysql://localhost:3307/KUMO]
	Database driver: MySQL Connector/J
	Database dialect: MySQLDialect
	Database version: 8.0.36
	Default catalog/schema: KUMO/undefined
	Autocommit mode: undefined/unknown
	Isolation level: REPEATABLE_READ [default REPEATABLE_READ]
	JDBC fetch size: none
	Pool: DataSourceConnectionProvider
	Minimum pool size: undefined/unknown
	Maximum pool size: undefined/unknown
2026-04-18 15:10:18.473 [INFO] [restartedMain] [53] HHH000489: No JTA platform available (set 'hibernate.transaction.jta.platform' to enable JTA platform integration)
2026-04-18 15:10:18.473 [INFO] [restartedMain] [464] Initialized JPA EntityManagerFactory for persistence unit 'default'
2026-04-18 15:10:18.704 [WARN] [restartedMain] [247] spring.jpa.open-in-view is enabled by default. Therefore, database queries may be performed during view rendering. Explicitly configure spring.jpa.open-in-view to disable this warning
2026-04-18 15:10:18.719 [WARN] [restartedMain] [83] 

Using generated security password: f998dd45-fa99-4036-be0e-9f4fa3fdd46a

This generated password is for development use only. Your security configuration must be updated before running your application in production.

2026-04-18 15:10:18.720 [INFO] [restartedMain] [110] Global AuthenticationManager configured with UserDetailsService bean with name inMemoryUserDetailsManager
2026-04-18 15:10:18.805 [INFO] [restartedMain] [48] Failed to set up a Bean Validation provider: jakarta.validation.NoProviderFoundException: Unable to create a Configuration, because no Jakarta Validation provider could be found. Add a provider like Hibernate Validator (RI) to your classpath.
2026-04-18 15:10:18.869 [INFO] [restartedMain] [117] Starting...
2026-04-18 15:10:18.869 [INFO] [restartedMain] [117] BrokerAvailabilityEvent[available=true, SimpleBrokerMessageHandler [org.springframework.messaging.simp.broker.DefaultSubscriptionRegistry@1304d9d2]]
2026-04-18 15:10:18.869 [INFO] [restartedMain] [117] Started.
2026-04-18 15:10:18.870 [INFO] [restartedMain] [240] Tomcat started on port 8080 (http) with context path '/kumo/api'
2026-04-18 15:10:18.872 [INFO] [restartedMain] [60] Started KumoApplication in 1.092 seconds (process running for 387.664)
2026-04-18 15:10:18.874 [INFO] [restartedMain] [66] Condition evaluation unchanged
2026-04-18 15:10:20.288 [INFO] [File Watcher] [214] Restarting due to 1 class path change (1 addition, 0 deletions, 0 modifications)
2026-04-18 15:10:20.307 [INFO] [Thread-17] [54] Commencing graceful shutdown. Waiting for active requests to complete
2026-04-18 15:10:20.325 [INFO] [tomcat-shutdown] [76] Graceful shutdown complete
2026-04-18 15:10:20.333 [INFO] [Thread-17] [117] Stopping...
2026-04-18 15:10:20.334 [INFO] [Thread-17] [117] BrokerAvailabilityEvent[available=false, SimpleBrokerMessageHandler [org.springframework.messaging.simp.broker.DefaultSubscriptionRegistry@1304d9d2]]
2026-04-18 15:10:20.334 [INFO] [Thread-17] [117] Stopped.
2026-04-18 15:10:20.355 [INFO] [Thread-17] [693] Closing JPA EntityManagerFactory for persistence unit 'default'
2026-04-18 15:10:20.364 [INFO] [Thread-17] [349] HikariPool-5 - Shutdown initiated...
2026-04-18 15:10:20.388 [INFO] [Thread-17] [351] HikariPool-5 - Shutdown completed.
2026-04-18 15:10:20.595 [INFO] [restartedMain] [54] Starting KumoApplication using Java 17.0.16 with PID 41123 (/Users/Rainbow_1/IdeaProjects/kumo/target/classes started by pipishrimp in /Users/Rainbow_1/IdeaProjects/kumo)
2026-04-18 15:10:20.600 [DEBUG] [restartedMain] [55] Running with Spring Boot v4.0.5, Spring v7.0.6
2026-04-18 15:10:20.600 [INFO] [restartedMain] [652] No active profile set, falling back to 1 default profile: "default"
2026-04-18 15:10:20.719 [INFO] [restartedMain] [291] Multiple Spring Data modules found, entering strict repository configuration mode
2026-04-18 15:10:20.721 [INFO] [restartedMain] [145] Bootstrapping Spring Data JPA repositories in DEFAULT mode.
2026-04-18 15:10:20.731 [INFO] [restartedMain] [213] Finished Spring Data repository scanning in 9 ms. Found 4 JPA repository interfaces.
2026-04-18 15:10:20.739 [INFO] [restartedMain] [291] Multiple Spring Data modules found, entering strict repository configuration mode
2026-04-18 15:10:20.740 [INFO] [restartedMain] [145] Bootstrapping Spring Data Redis repositories in DEFAULT mode.
2026-04-18 15:10:20.742 [INFO] [restartedMain] [327] Spring Data Redis - Could not safely identify store assignment for repository candidate interface tw.idv.rainbow.web.repository.CampaignsRepository; If you want this repository to be a Redis repository, consider annotating your entities with one of these annotations: org.springframework.data.redis.core.RedisHash (preferred), or consider extending one of the following types with your repository: org.springframework.data.keyvalue.repository.KeyValueRepository
2026-04-18 15:10:20.742 [INFO] [restartedMain] [327] Spring Data Redis - Could not safely identify store assignment for repository candidate interface tw.idv.rainbow.web.repository.ConnectLogsRepository; If you want this repository to be a Redis repository, consider annotating your entities with one of these annotations: org.springframework.data.redis.core.RedisHash (preferred), or consider extending one of the following types with your repository: org.springframework.data.keyvalue.repository.KeyValueRepository
2026-04-18 15:10:20.742 [INFO] [restartedMain] [327] Spring Data Redis - Could not safely identify store assignment for repository candidate interface tw.idv.rainbow.web.repository.DevicesRepository; If you want this repository to be a Redis repository, consider annotating your entities with one of these annotations: org.springframework.data.redis.core.RedisHash (preferred), or consider extending one of the following types with your repository: org.springframework.data.keyvalue.repository.KeyValueRepository
2026-04-18 15:10:20.742 [INFO] [restartedMain] [327] Spring Data Redis - Could not safely identify store assignment for repository candidate interface tw.idv.rainbow.web.repository.StatusRefRepository; If you want this repository to be a Redis repository, consider annotating your entities with one of these annotations: org.springframework.data.redis.core.RedisHash (preferred), or consider extending one of the following types with your repository: org.springframework.data.keyvalue.repository.KeyValueRepository
2026-04-18 15:10:20.742 [INFO] [restartedMain] [213] Finished Spring Data repository scanning in 1 ms. Found 0 Redis repository interfaces.
2026-04-18 15:10:20.796 [INFO] [restartedMain] [114] Tomcat initialized with port 8080 (http)
2026-04-18 15:10:20.797 [INFO] [restartedMain] [168] Starting service [Tomcat]
2026-04-18 15:10:20.797 [INFO] [restartedMain] [168] Starting Servlet engine: [Apache Tomcat/11.0.20]
2026-04-18 15:10:20.804 [INFO] [restartedMain] [77] Root WebApplicationContext: initialization completed in 201 ms
2026-04-18 15:10:20.814 [DEBUG] [restartedMain] [236] Filter 'jwtFilter' configured for use
2026-04-18 15:10:20.825 [INFO] [restartedMain] [109] HikariPool-6 - Starting...
2026-04-18 15:10:20.850 [INFO] [restartedMain] [580] HikariPool-6 - Added connection com.mysql.cj.jdbc.ConnectionImpl@622e0d3c
2026-04-18 15:10:20.850 [INFO] [restartedMain] [122] HikariPool-6 - Start completed.
2026-04-18 15:10:20.851 [INFO] [restartedMain] [102] HHH008540: Processing PersistenceUnitInfo [name: default]
2026-04-18 15:10:20.861 [INFO] [restartedMain] [129] No LoadTimeWeaver setup: ignoring JPA class transformer
2026-04-18 15:10:20.862 [WARN] [restartedMain] [152] HHH90000025: MySQLDialect does not need to be specified explicitly using 'hibernate.dialect' (remove the property setting and it will be selected by default)
2026-04-18 15:10:20.863 [INFO] [restartedMain] [179] HHH10001005: Database info:
	Database JDBC URL [jdbc:mysql://localhost:3307/KUMO]
	Database driver: MySQL Connector/J
	Database dialect: MySQLDialect
	Database version: 8.0.36
	Default catalog/schema: KUMO/undefined
	Autocommit mode: undefined/unknown
	Isolation level: REPEATABLE_READ [default REPEATABLE_READ]
	JDBC fetch size: none
	Pool: DataSourceConnectionProvider
	Minimum pool size: undefined/unknown
	Maximum pool size: undefined/unknown
2026-04-18 15:10:20.902 [INFO] [restartedMain] [53] HHH000489: No JTA platform available (set 'hibernate.transaction.jta.platform' to enable JTA platform integration)
2026-04-18 15:10:20.903 [INFO] [restartedMain] [464] Initialized JPA EntityManagerFactory for persistence unit 'default'
2026-04-18 15:10:20.993 [WARN] [restartedMain] [247] spring.jpa.open-in-view is enabled by default. Therefore, database queries may be performed during view rendering. Explicitly configure spring.jpa.open-in-view to disable this warning
2026-04-18 15:10:20.999 [WARN] [restartedMain] [83] 

Using generated security password: 8f489b3d-5f0a-4ced-a8f9-b3f2d08d10a6

This generated password is for development use only. Your security configuration must be updated before running your application in production.

2026-04-18 15:10:20.999 [INFO] [restartedMain] [110] Global AuthenticationManager configured with UserDetailsService bean with name inMemoryUserDetailsManager
2026-04-18 15:10:21.061 [INFO] [restartedMain] [48] Failed to set up a Bean Validation provider: jakarta.validation.NoProviderFoundException: Unable to create a Configuration, because no Jakarta Validation provider could be found. Add a provider like Hibernate Validator (RI) to your classpath.
2026-04-18 15:10:21.122 [INFO] [restartedMain] [117] Starting...
2026-04-18 15:10:21.122 [INFO] [restartedMain] [117] BrokerAvailabilityEvent[available=true, SimpleBrokerMessageHandler [org.springframework.messaging.simp.broker.DefaultSubscriptionRegistry@1d2e302e]]
2026-04-18 15:10:21.122 [INFO] [restartedMain] [117] Started.
2026-04-18 15:10:21.123 [INFO] [restartedMain] [240] Tomcat started on port 8080 (http) with context path '/kumo/api'
2026-04-18 15:10:21.125 [INFO] [restartedMain] [60] Started KumoApplication in 0.566 seconds (process running for 389.917)
2026-04-18 15:10:21.127 [INFO] [restartedMain] [66] Condition evaluation unchanged
2026-04-18 15:11:21.125 [INFO] [MessageBroker-1] [147] WebSocketSession[0 current WS(0)-HttpStream(0)-HttpPoll(0), 0 total, 0 closed abnormally (0 connect failure, 0 send limit, 0 transport error)], stompSubProtocol[processed CONNECT(0)-CONNECTED(0)-DISCONNECT(0)], stompBrokerRelay[null], inboundChannel[pool size = 0, active threads = 0, queued tasks = 0, completed tasks = 0], outboundChannel[pool size = 0, active threads = 0, queued tasks = 0, completed tasks = 0], sockJsScheduler[pool size = 1, active threads = 1, queued tasks = 0, completed tasks = 0]
2026-04-18 15:14:38.639 [INFO] [File Watcher] [214] Restarting due to 1 class path change (0 additions, 0 deletions, 1 modification)
2026-04-18 15:14:38.676 [INFO] [Thread-21] [54] Commencing graceful shutdown. Waiting for active requests to complete
2026-04-18 15:14:38.686 [INFO] [tomcat-shutdown] [76] Graceful shutdown complete
2026-04-18 15:14:38.689 [INFO] [Thread-21] [117] Stopping...
2026-04-18 15:14:38.689 [INFO] [Thread-21] [117] BrokerAvailabilityEvent[available=false, SimpleBrokerMessageHandler [org.springframework.messaging.simp.broker.DefaultSubscriptionRegistry@1d2e302e]]
2026-04-18 15:14:38.690 [INFO] [Thread-21] [117] Stopped.
2026-04-18 15:14:38.704 [INFO] [Thread-21] [693] Closing JPA EntityManagerFactory for persistence unit 'default'
2026-04-18 15:14:38.713 [INFO] [Thread-21] [349] HikariPool-6 - Shutdown initiated...
2026-04-18 15:14:38.734 [INFO] [Thread-21] [351] HikariPool-6 - Shutdown completed.
2026-04-18 15:14:38.887 [INFO] [restartedMain] [54] Starting KumoApplication using Java 17.0.16 with PID 41123 (/Users/Rainbow_1/IdeaProjects/kumo/target/classes started by pipishrimp in /Users/Rainbow_1/IdeaProjects/kumo)
2026-04-18 15:14:38.887 [DEBUG] [restartedMain] [55] Running with Spring Boot v4.0.5, Spring v7.0.6
2026-04-18 15:14:38.887 [INFO] [restartedMain] [652] No active profile set, falling back to 1 default profile: "default"
2026-04-18 15:14:38.995 [INFO] [restartedMain] [291] Multiple Spring Data modules found, entering strict repository configuration mode
2026-04-18 15:14:38.995 [INFO] [restartedMain] [145] Bootstrapping Spring Data JPA repositories in DEFAULT mode.
2026-04-18 15:14:39.004 [INFO] [restartedMain] [213] Finished Spring Data repository scanning in 7 ms. Found 4 JPA repository interfaces.
2026-04-18 15:14:39.010 [INFO] [restartedMain] [291] Multiple Spring Data modules found, entering strict repository configuration mode
2026-04-18 15:14:39.010 [INFO] [restartedMain] [145] Bootstrapping Spring Data Redis repositories in DEFAULT mode.
2026-04-18 15:14:39.013 [INFO] [restartedMain] [327] Spring Data Redis - Could not safely identify store assignment for repository candidate interface tw.idv.rainbow.web.repository.CampaignsRepository; If you want this repository to be a Redis repository, consider annotating your entities with one of these annotations: org.springframework.data.redis.core.RedisHash (preferred), or consider extending one of the following types with your repository: org.springframework.data.keyvalue.repository.KeyValueRepository
2026-04-18 15:14:39.013 [INFO] [restartedMain] [327] Spring Data Redis - Could not safely identify store assignment for repository candidate interface tw.idv.rainbow.web.repository.ConnectLogsRepository; If you want this repository to be a Redis repository, consider annotating your entities with one of these annotations: org.springframework.data.redis.core.RedisHash (preferred), or consider extending one of the following types with your repository: org.springframework.data.keyvalue.repository.KeyValueRepository
2026-04-18 15:14:39.013 [INFO] [restartedMain] [327] Spring Data Redis - Could not safely identify store assignment for repository candidate interface tw.idv.rainbow.web.repository.DevicesRepository; If you want this repository to be a Redis repository, consider annotating your entities with one of these annotations: org.springframework.data.redis.core.RedisHash (preferred), or consider extending one of the following types with your repository: org.springframework.data.keyvalue.repository.KeyValueRepository
2026-04-18 15:14:39.015 [INFO] [restartedMain] [327] Spring Data Redis - Could not safely identify store assignment for repository candidate interface tw.idv.rainbow.web.repository.StatusRefRepository; If you want this repository to be a Redis repository, consider annotating your entities with one of these annotations: org.springframework.data.redis.core.RedisHash (preferred), or consider extending one of the following types with your repository: org.springframework.data.keyvalue.repository.KeyValueRepository
2026-04-18 15:14:39.015 [INFO] [restartedMain] [213] Finished Spring Data repository scanning in 3 ms. Found 0 Redis repository interfaces.
2026-04-18 15:14:39.082 [INFO] [restartedMain] [114] Tomcat initialized with port 8080 (http)
2026-04-18 15:14:39.082 [INFO] [restartedMain] [168] Starting service [Tomcat]
2026-04-18 15:14:39.082 [INFO] [restartedMain] [168] Starting Servlet engine: [Apache Tomcat/11.0.20]
2026-04-18 15:14:39.088 [INFO] [restartedMain] [77] Root WebApplicationContext: initialization completed in 200 ms
2026-04-18 15:14:39.098 [DEBUG] [restartedMain] [236] Filter 'jwtFilter' configured for use
2026-04-18 15:14:39.110 [INFO] [restartedMain] [109] HikariPool-7 - Starting...
2026-04-18 15:14:39.149 [INFO] [restartedMain] [580] HikariPool-7 - Added connection com.mysql.cj.jdbc.ConnectionImpl@65ceffd7
2026-04-18 15:14:39.149 [INFO] [restartedMain] [122] HikariPool-7 - Start completed.
2026-04-18 15:14:39.149 [INFO] [restartedMain] [102] HHH008540: Processing PersistenceUnitInfo [name: default]
2026-04-18 15:14:39.162 [INFO] [restartedMain] [129] No LoadTimeWeaver setup: ignoring JPA class transformer
2026-04-18 15:14:39.165 [WARN] [restartedMain] [152] HHH90000025: MySQLDialect does not need to be specified explicitly using 'hibernate.dialect' (remove the property setting and it will be selected by default)
2026-04-18 15:14:39.166 [INFO] [restartedMain] [179] HHH10001005: Database info:
	Database JDBC URL [jdbc:mysql://localhost:3307/KUMO]
	Database driver: MySQL Connector/J
	Database dialect: MySQLDialect
	Database version: 8.0.36
	Default catalog/schema: KUMO/undefined
	Autocommit mode: undefined/unknown
	Isolation level: REPEATABLE_READ [default REPEATABLE_READ]
	JDBC fetch size: none
	Pool: DataSourceConnectionProvider
	Minimum pool size: undefined/unknown
	Maximum pool size: undefined/unknown
2026-04-18 15:14:39.210 [INFO] [restartedMain] [53] HHH000489: No JTA platform available (set 'hibernate.transaction.jta.platform' to enable JTA platform integration)
2026-04-18 15:14:39.211 [INFO] [restartedMain] [464] Initialized JPA EntityManagerFactory for persistence unit 'default'
2026-04-18 15:14:39.285 [WARN] [restartedMain] [247] spring.jpa.open-in-view is enabled by default. Therefore, database queries may be performed during view rendering. Explicitly configure spring.jpa.open-in-view to disable this warning
2026-04-18 15:14:39.291 [WARN] [restartedMain] [83] 

Using generated security password: 221cc8f6-3862-4a53-8014-b6fc949f99c7

This generated password is for development use only. Your security configuration must be updated before running your application in production.

2026-04-18 15:14:39.292 [INFO] [restartedMain] [110] Global AuthenticationManager configured with UserDetailsService bean with name inMemoryUserDetailsManager
2026-04-18 15:14:39.346 [INFO] [restartedMain] [48] Failed to set up a Bean Validation provider: jakarta.validation.NoProviderFoundException: Unable to create a Configuration, because no Jakarta Validation provider could be found. Add a provider like Hibernate Validator (RI) to your classpath.
2026-04-18 15:14:39.411 [INFO] [restartedMain] [117] Starting...
2026-04-18 15:14:39.411 [INFO] [restartedMain] [117] BrokerAvailabilityEvent[available=true, SimpleBrokerMessageHandler [org.springframework.messaging.simp.broker.DefaultSubscriptionRegistry@2fd3517b]]
2026-04-18 15:14:39.412 [INFO] [restartedMain] [117] Started.
2026-04-18 15:14:39.412 [INFO] [restartedMain] [240] Tomcat started on port 8080 (http) with context path '/kumo/api'
2026-04-18 15:14:39.414 [INFO] [restartedMain] [60] Started KumoApplication in 0.544 seconds (process running for 648.22)
2026-04-18 15:14:39.415 [INFO] [restartedMain] [66] Condition evaluation unchanged
2026-04-18 15:15:39.411 [INFO] [MessageBroker-1] [147] WebSocketSession[0 current WS(0)-HttpStream(0)-HttpPoll(0), 0 total, 0 closed abnormally (0 connect failure, 0 send limit, 0 transport error)], stompSubProtocol[processed CONNECT(0)-CONNECTED(0)-DISCONNECT(0)], stompBrokerRelay[null], inboundChannel[pool size = 0, active threads = 0, queued tasks = 0, completed tasks = 0], outboundChannel[pool size = 0, active threads = 0, queued tasks = 0, completed tasks = 0], sockJsScheduler[pool size = 1, active threads = 1, queued tasks = 0, completed tasks = 0]
2026-04-18 15:18:55.953 [INFO] [SpringApplicationShutdownHook] [54] Commencing graceful shutdown. Waiting for active requests to complete
2026-04-18 15:18:55.958 [INFO] [tomcat-shutdown] [76] Graceful shutdown complete
2026-04-18 15:18:55.960 [INFO] [SpringApplicationShutdownHook] [117] Stopping...
2026-04-18 15:18:55.960 [INFO] [SpringApplicationShutdownHook] [117] BrokerAvailabilityEvent[available=false, SimpleBrokerMessageHandler [org.springframework.messaging.simp.broker.DefaultSubscriptionRegistry@2fd3517b]]
2026-04-18 15:18:55.960 [INFO] [SpringApplicationShutdownHook] [117] Stopped.
2026-04-18 15:18:56.004 [INFO] [SpringApplicationShutdownHook] [693] Closing JPA EntityManagerFactory for persistence unit 'default'
2026-04-18 15:18:56.008 [INFO] [SpringApplicationShutdownHook] [349] HikariPool-7 - Shutdown initiated...
2026-04-18 15:18:56.017 [INFO] [SpringApplicationShutdownHook] [351] HikariPool-7 - Shutdown completed.
2026-04-18 15:18:58.979 [INFO] [restartedMain] [54] Starting KumoApplication using Java 17.0.16 with PID 42702 (/Users/Rainbow_1/IdeaProjects/kumo/target/classes started by pipishrimp in /Users/Rainbow_1/IdeaProjects/kumo)
2026-04-18 15:18:58.981 [DEBUG] [restartedMain] [55] Running with Spring Boot v4.0.5, Spring v7.0.6
2026-04-18 15:18:58.981 [INFO] [restartedMain] [652] No active profile set, falling back to 1 default profile: "default"
2026-04-18 15:18:59.003 [INFO] [restartedMain] [69] Devtools property defaults active! Set 'spring.devtools.add-properties' to 'false' to disable
2026-04-18 15:18:59.004 [INFO] [restartedMain] [69] For additional web related logging consider setting the 'logging.level.web' property to 'DEBUG'
2026-04-18 15:18:59.424 [INFO] [restartedMain] [291] Multiple Spring Data modules found, entering strict repository configuration mode
2026-04-18 15:18:59.425 [INFO] [restartedMain] [145] Bootstrapping Spring Data JPA repositories in DEFAULT mode.
2026-04-18 15:18:59.494 [INFO] [restartedMain] [213] Finished Spring Data repository scanning in 65 ms. Found 4 JPA repository interfaces.
2026-04-18 15:18:59.517 [INFO] [restartedMain] [291] Multiple Spring Data modules found, entering strict repository configuration mode
2026-04-18 15:18:59.518 [INFO] [restartedMain] [145] Bootstrapping Spring Data Redis repositories in DEFAULT mode.
2026-04-18 15:18:59.525 [INFO] [restartedMain] [327] Spring Data Redis - Could not safely identify store assignment for repository candidate interface tw.idv.rainbow.web.repository.CampaignsRepository; If you want this repository to be a Redis repository, consider annotating your entities with one of these annotations: org.springframework.data.redis.core.RedisHash (preferred), or consider extending one of the following types with your repository: org.springframework.data.keyvalue.repository.KeyValueRepository
2026-04-18 15:18:59.526 [INFO] [restartedMain] [327] Spring Data Redis - Could not safely identify store assignment for repository candidate interface tw.idv.rainbow.web.repository.ConnectLogsRepository; If you want this repository to be a Redis repository, consider annotating your entities with one of these annotations: org.springframework.data.redis.core.RedisHash (preferred), or consider extending one of the following types with your repository: org.springframework.data.keyvalue.repository.KeyValueRepository
2026-04-18 15:18:59.526 [INFO] [restartedMain] [327] Spring Data Redis - Could not safely identify store assignment for repository candidate interface tw.idv.rainbow.web.repository.DevicesRepository; If you want this repository to be a Redis repository, consider annotating your entities with one of these annotations: org.springframework.data.redis.core.RedisHash (preferred), or consider extending one of the following types with your repository: org.springframework.data.keyvalue.repository.KeyValueRepository
2026-04-18 15:18:59.526 [INFO] [restartedMain] [327] Spring Data Redis - Could not safely identify store assignment for repository candidate interface tw.idv.rainbow.web.repository.StatusRefRepository; If you want this repository to be a Redis repository, consider annotating your entities with one of these annotations: org.springframework.data.redis.core.RedisHash (preferred), or consider extending one of the following types with your repository: org.springframework.data.keyvalue.repository.KeyValueRepository
2026-04-18 15:18:59.526 [INFO] [restartedMain] [213] Finished Spring Data repository scanning in 3 ms. Found 0 Redis repository interfaces.
2026-04-18 15:18:59.800 [INFO] [restartedMain] [114] Tomcat initialized with port 8080 (http)
2026-04-18 15:18:59.807 [INFO] [restartedMain] [168] Starting service [Tomcat]
2026-04-18 15:18:59.807 [INFO] [restartedMain] [168] Starting Servlet engine: [Apache Tomcat/11.0.20]
2026-04-18 15:18:59.826 [INFO] [restartedMain] [77] Root WebApplicationContext: initialization completed in 822 ms
2026-04-18 15:18:59.854 [DEBUG] [restartedMain] [236] Filter 'jwtFilter' configured for use
2026-04-18 15:18:59.899 [INFO] [restartedMain] [109] HikariPool-1 - Starting...
2026-04-18 15:19:00.083 [INFO] [restartedMain] [580] HikariPool-1 - Added connection com.mysql.cj.jdbc.ConnectionImpl@668b9c5a
2026-04-18 15:19:00.085 [INFO] [restartedMain] [122] HikariPool-1 - Start completed.
2026-04-18 15:19:00.101 [INFO] [restartedMain] [102] HHH008540: Processing PersistenceUnitInfo [name: default]
2026-04-18 15:19:00.135 [INFO] [restartedMain] [41] HHH000001: Hibernate ORM core version 7.2.7.Final
2026-04-18 15:19:00.376 [INFO] [restartedMain] [129] No LoadTimeWeaver setup: ignoring JPA class transformer
2026-04-18 15:19:00.469 [WARN] [restartedMain] [152] HHH90000025: MySQLDialect does not need to be specified explicitly using 'hibernate.dialect' (remove the property setting and it will be selected by default)
2026-04-18 15:19:00.477 [INFO] [restartedMain] [179] HHH10001005: Database info:
	Database JDBC URL [jdbc:mysql://localhost:3307/KUMO]
	Database driver: MySQL Connector/J
	Database dialect: MySQLDialect
	Database version: 8.0.36
	Default catalog/schema: KUMO/undefined
	Autocommit mode: undefined/unknown
	Isolation level: REPEATABLE_READ [default REPEATABLE_READ]
	JDBC fetch size: none
	Pool: DataSourceConnectionProvider
	Minimum pool size: undefined/unknown
	Maximum pool size: undefined/unknown
2026-04-18 15:19:00.936 [INFO] [restartedMain] [53] HHH000489: No JTA platform available (set 'hibernate.transaction.jta.platform' to enable JTA platform integration)
2026-04-18 15:19:00.939 [INFO] [restartedMain] [464] Initialized JPA EntityManagerFactory for persistence unit 'default'
2026-04-18 15:19:00.983 [INFO] [restartedMain] [48] Hibernate is in classpath; If applicable, HQL parser will be used.
2026-04-18 15:19:01.403 [WARN] [restartedMain] [70] Can not find io.netty.resolver.dns.macos.MacOSDnsServerAddressStreamProvider in the classpath, fallback to system defaults. This may result in incorrect DNS resolutions on MacOS. Check whether you have a dependency on 'io.netty:netty-resolver-dns-native-macos'
2026-04-18 15:19:01.596 [WARN] [restartedMain] [247] spring.jpa.open-in-view is enabled by default. Therefore, database queries may be performed during view rendering. Explicitly configure spring.jpa.open-in-view to disable this warning
2026-04-18 15:19:01.607 [WARN] [restartedMain] [83] 

Using generated security password: 7630767a-4eff-482e-9399-45f7cae2adc2

This generated password is for development use only. Your security configuration must be updated before running your application in production.

2026-04-18 15:19:01.612 [INFO] [restartedMain] [110] Global AuthenticationManager configured with UserDetailsService bean with name inMemoryUserDetailsManager
2026-04-18 15:19:01.769 [INFO] [restartedMain] [48] Failed to set up a Bean Validation provider: jakarta.validation.NoProviderFoundException: Unable to create a Configuration, because no Jakarta Validation provider could be found. Add a provider like Hibernate Validator (RI) to your classpath.
2026-04-18 15:19:01.940 [INFO] [restartedMain] [117] Starting...
2026-04-18 15:19:01.940 [INFO] [restartedMain] [117] BrokerAvailabilityEvent[available=true, SimpleBrokerMessageHandler [org.springframework.messaging.simp.broker.DefaultSubscriptionRegistry@752ac540]]
2026-04-18 15:19:01.941 [INFO] [restartedMain] [117] Started.
2026-04-18 15:19:01.949 [INFO] [restartedMain] [240] Tomcat started on port 8080 (http) with context path '/kumo/api'
2026-04-18 15:19:01.954 [INFO] [restartedMain] [60] Started KumoApplication in 3.197 seconds (process running for 3.767)
2026-04-18 15:20:01.956 [INFO] [MessageBroker-1] [147] WebSocketSession[0 current WS(0)-HttpStream(0)-HttpPoll(0), 0 total, 0 closed abnormally (0 connect failure, 0 send limit, 0 transport error)], stompSubProtocol[processed CONNECT(0)-CONNECTED(0)-DISCONNECT(0)], stompBrokerRelay[null], inboundChannel[pool size = 0, active threads = 0, queued tasks = 0, completed tasks = 0], outboundChannel[pool size = 0, active threads = 0, queued tasks = 0, completed tasks = 0], sockJsScheduler[pool size = 1, active threads = 1, queued tasks = 0, completed tasks = 0]
2026-04-18 15:20:23.649 [INFO] [SpringApplicationShutdownHook] [54] Commencing graceful shutdown. Waiting for active requests to complete
2026-04-18 15:20:23.659 [INFO] [tomcat-shutdown] [76] Graceful shutdown complete
2026-04-18 15:20:23.674 [INFO] [SpringApplicationShutdownHook] [117] Stopping...
2026-04-18 15:20:23.675 [INFO] [SpringApplicationShutdownHook] [117] BrokerAvailabilityEvent[available=false, SimpleBrokerMessageHandler [org.springframework.messaging.simp.broker.DefaultSubscriptionRegistry@752ac540]]
2026-04-18 15:20:23.675 [INFO] [SpringApplicationShutdownHook] [117] Stopped.
2026-04-18 15:20:23.688 [INFO] [SpringApplicationShutdownHook] [693] Closing JPA EntityManagerFactory for persistence unit 'default'
2026-04-18 15:20:23.692 [INFO] [SpringApplicationShutdownHook] [349] HikariPool-1 - Shutdown initiated...
2026-04-18 15:20:23.709 [INFO] [SpringApplicationShutdownHook] [351] HikariPool-1 - Shutdown completed.
2026-04-18 15:20:25.350 [INFO] [restartedMain] [54] Starting KumoApplication using Java 17.0.16 with PID 42859 (/Users/Rainbow_1/IdeaProjects/kumo/target/classes started by pipishrimp in /Users/Rainbow_1/IdeaProjects/kumo)
2026-04-18 15:20:25.351 [DEBUG] [restartedMain] [55] Running with Spring Boot v4.0.5, Spring v7.0.6
2026-04-18 15:20:25.351 [INFO] [restartedMain] [652] No active profile set, falling back to 1 default profile: "default"
2026-04-18 15:20:25.371 [INFO] [restartedMain] [69] Devtools property defaults active! Set 'spring.devtools.add-properties' to 'false' to disable
2026-04-18 15:20:25.371 [INFO] [restartedMain] [69] For additional web related logging consider setting the 'logging.level.web' property to 'DEBUG'
2026-04-18 15:20:25.867 [INFO] [restartedMain] [291] Multiple Spring Data modules found, entering strict repository configuration mode
2026-04-18 15:20:25.869 [INFO] [restartedMain] [145] Bootstrapping Spring Data JPA repositories in DEFAULT mode.
2026-04-18 15:20:25.942 [INFO] [restartedMain] [213] Finished Spring Data repository scanning in 65 ms. Found 4 JPA repository interfaces.
2026-04-18 15:20:25.965 [INFO] [restartedMain] [291] Multiple Spring Data modules found, entering strict repository configuration mode
2026-04-18 15:20:25.966 [INFO] [restartedMain] [145] Bootstrapping Spring Data Redis repositories in DEFAULT mode.
2026-04-18 15:20:25.974 [INFO] [restartedMain] [327] Spring Data Redis - Could not safely identify store assignment for repository candidate interface tw.idv.rainbow.web.repository.CampaignsRepository; If you want this repository to be a Redis repository, consider annotating your entities with one of these annotations: org.springframework.data.redis.core.RedisHash (preferred), or consider extending one of the following types with your repository: org.springframework.data.keyvalue.repository.KeyValueRepository
2026-04-18 15:20:25.974 [INFO] [restartedMain] [327] Spring Data Redis - Could not safely identify store assignment for repository candidate interface tw.idv.rainbow.web.repository.ConnectLogsRepository; If you want this repository to be a Redis repository, consider annotating your entities with one of these annotations: org.springframework.data.redis.core.RedisHash (preferred), or consider extending one of the following types with your repository: org.springframework.data.keyvalue.repository.KeyValueRepository
2026-04-18 15:20:25.974 [INFO] [restartedMain] [327] Spring Data Redis - Could not safely identify store assignment for repository candidate interface tw.idv.rainbow.web.repository.DevicesRepository; If you want this repository to be a Redis repository, consider annotating your entities with one of these annotations: org.springframework.data.redis.core.RedisHash (preferred), or consider extending one of the following types with your repository: org.springframework.data.keyvalue.repository.KeyValueRepository
2026-04-18 15:20:25.974 [INFO] [restartedMain] [327] Spring Data Redis - Could not safely identify store assignment for repository candidate interface tw.idv.rainbow.web.repository.StatusRefRepository; If you want this repository to be a Redis repository, consider annotating your entities with one of these annotations: org.springframework.data.redis.core.RedisHash (preferred), or consider extending one of the following types with your repository: org.springframework.data.keyvalue.repository.KeyValueRepository
2026-04-18 15:20:25.974 [INFO] [restartedMain] [213] Finished Spring Data repository scanning in 3 ms. Found 0 Redis repository interfaces.
2026-04-18 15:20:26.364 [INFO] [restartedMain] [114] Tomcat initialized with port 8080 (http)
2026-04-18 15:20:26.373 [INFO] [restartedMain] [168] Starting service [Tomcat]
2026-04-18 15:20:26.373 [INFO] [restartedMain] [168] Starting Servlet engine: [Apache Tomcat/11.0.20]
2026-04-18 15:20:26.393 [INFO] [restartedMain] [77] Root WebApplicationContext: initialization completed in 1021 ms
2026-04-18 15:20:26.422 [DEBUG] [restartedMain] [236] Filter 'jwtFilter' configured for use
2026-04-18 15:20:26.468 [INFO] [restartedMain] [109] HikariPool-1 - Starting...
2026-04-18 15:20:26.656 [INFO] [restartedMain] [580] HikariPool-1 - Added connection com.mysql.cj.jdbc.ConnectionImpl@72041651
2026-04-18 15:20:26.657 [INFO] [restartedMain] [122] HikariPool-1 - Start completed.
2026-04-18 15:20:26.674 [INFO] [restartedMain] [102] HHH008540: Processing PersistenceUnitInfo [name: default]
2026-04-18 15:20:26.709 [INFO] [restartedMain] [41] HHH000001: Hibernate ORM core version 7.2.7.Final
2026-04-18 15:20:26.970 [INFO] [restartedMain] [129] No LoadTimeWeaver setup: ignoring JPA class transformer
2026-04-18 15:20:27.029 [WARN] [restartedMain] [152] HHH90000025: MySQLDialect does not need to be specified explicitly using 'hibernate.dialect' (remove the property setting and it will be selected by default)
2026-04-18 15:20:27.037 [INFO] [restartedMain] [179] HHH10001005: Database info:
	Database JDBC URL [jdbc:mysql://localhost:3307/KUMO]
	Database driver: MySQL Connector/J
	Database dialect: MySQLDialect
	Database version: 8.0.36
	Default catalog/schema: KUMO/undefined
	Autocommit mode: undefined/unknown
	Isolation level: REPEATABLE_READ [default REPEATABLE_READ]
	JDBC fetch size: none
	Pool: DataSourceConnectionProvider
	Minimum pool size: undefined/unknown
	Maximum pool size: undefined/unknown
2026-04-18 15:20:27.501 [INFO] [restartedMain] [53] HHH000489: No JTA platform available (set 'hibernate.transaction.jta.platform' to enable JTA platform integration)
2026-04-18 15:20:27.505 [INFO] [restartedMain] [464] Initialized JPA EntityManagerFactory for persistence unit 'default'
2026-04-18 15:20:27.544 [INFO] [restartedMain] [48] Hibernate is in classpath; If applicable, HQL parser will be used.
2026-04-18 15:20:27.966 [WARN] [restartedMain] [70] Can not find io.netty.resolver.dns.macos.MacOSDnsServerAddressStreamProvider in the classpath, fallback to system defaults. This may result in incorrect DNS resolutions on MacOS. Check whether you have a dependency on 'io.netty:netty-resolver-dns-native-macos'
2026-04-18 15:20:28.167 [WARN] [restartedMain] [247] spring.jpa.open-in-view is enabled by default. Therefore, database queries may be performed during view rendering. Explicitly configure spring.jpa.open-in-view to disable this warning
2026-04-18 15:20:28.180 [WARN] [restartedMain] [83] 

Using generated security password: 1159cb2c-c4ab-4798-8bd9-865bef2ac70c

This generated password is for development use only. Your security configuration must be updated before running your application in production.

2026-04-18 15:20:28.185 [INFO] [restartedMain] [110] Global AuthenticationManager configured with UserDetailsService bean with name inMemoryUserDetailsManager
2026-04-18 15:20:28.342 [INFO] [restartedMain] [48] Failed to set up a Bean Validation provider: jakarta.validation.NoProviderFoundException: Unable to create a Configuration, because no Jakarta Validation provider could be found. Add a provider like Hibernate Validator (RI) to your classpath.
2026-04-18 15:20:28.508 [INFO] [restartedMain] [117] Starting...
2026-04-18 15:20:28.509 [INFO] [restartedMain] [117] BrokerAvailabilityEvent[available=true, SimpleBrokerMessageHandler [org.springframework.messaging.simp.broker.DefaultSubscriptionRegistry@70e3272f]]
2026-04-18 15:20:28.509 [INFO] [restartedMain] [117] Started.
2026-04-18 15:20:28.516 [INFO] [restartedMain] [240] Tomcat started on port 8080 (http) with context path '/kumo/api'
2026-04-18 15:20:28.521 [INFO] [restartedMain] [60] Started KumoApplication in 3.387 seconds (process running for 4.023)
2026-04-18 15:20:49.683 [INFO] [http-nio-8080-exec-1] [168] Initializing Spring DispatcherServlet 'dispatcherServlet'
2026-04-18 15:20:49.684 [INFO] [http-nio-8080-exec-1] [523] Initializing Servlet 'dispatcherServlet'
2026-04-18 15:20:49.695 [INFO] [http-nio-8080-exec-1] [545] Completed initialization in 11 ms
2026-04-18 15:20:49.713 [WARN] [http-nio-8080-exec-1] [522] Cache miss for REQUEST dispatch to '/kumo/api/swagger-ui/index.html' (previous null). Performing CorsConfiguration lookup. This is logged once only at WARN level, and every time at TRACE.
2026-04-18 15:20:51.463 [INFO] [http-nio-8080-exec-9] [390] Init duration for springdoc-openapi is: 390 ms
2026-04-18 15:21:28.539 [INFO] [MessageBroker-1] [147] WebSocketSession[0 current WS(0)-HttpStream(0)-HttpPoll(0), 0 total, 0 closed abnormally (0 connect failure, 0 send limit, 0 transport error)], stompSubProtocol[processed CONNECT(0)-CONNECTED(0)-DISCONNECT(0)], stompBrokerRelay[null], inboundChannel[pool size = 0, active threads = 0, queued tasks = 0, completed tasks = 0], outboundChannel[pool size = 0, active threads = 0, queued tasks = 0, completed tasks = 0], sockJsScheduler[pool size = 1, active threads = 1, queued tasks = 0, completed tasks = 0]
2026-04-18 15:28:36.744 [INFO] [File Watcher] [214] Restarting due to 4 class path changes (0 additions, 4 deletions, 0 modifications)
2026-04-18 15:28:36.812 [INFO] [Thread-1] [54] Commencing graceful shutdown. Waiting for active requests to complete
2026-04-18 15:28:36.821 [INFO] [tomcat-shutdown] [76] Graceful shutdown complete
2026-04-18 15:28:36.831 [INFO] [Thread-1] [117] Stopping...
2026-04-18 15:28:36.831 [INFO] [Thread-1] [117] BrokerAvailabilityEvent[available=false, SimpleBrokerMessageHandler [org.springframework.messaging.simp.broker.DefaultSubscriptionRegistry@70e3272f]]
2026-04-18 15:28:36.831 [INFO] [Thread-1] [117] Stopped.
2026-04-18 15:28:36.874 [INFO] [Thread-1] [693] Closing JPA EntityManagerFactory for persistence unit 'default'
2026-04-18 15:28:36.898 [INFO] [Thread-1] [349] HikariPool-1 - Shutdown initiated...
2026-04-18 15:28:36.911 [INFO] [Thread-1] [351] HikariPool-1 - Shutdown completed.
2026-04-18 15:28:37.147 [INFO] [restartedMain] [54] Starting KumoApplication using Java 17.0.16 with PID 42859 (/Users/Rainbow_1/IdeaProjects/kumo/target/classes started by pipishrimp in /Users/Rainbow_1/IdeaProjects/kumo)
2026-04-18 15:28:37.147 [DEBUG] [restartedMain] [55] Running with Spring Boot v4.0.5, Spring v7.0.6
2026-04-18 15:28:37.147 [INFO] [restartedMain] [652] No active profile set, falling back to 1 default profile: "default"
2026-04-18 15:28:37.333 [INFO] [restartedMain] [291] Multiple Spring Data modules found, entering strict repository configuration mode
2026-04-18 15:28:37.333 [INFO] [restartedMain] [145] Bootstrapping Spring Data JPA repositories in DEFAULT mode.
2026-04-18 15:28:37.346 [INFO] [restartedMain] [213] Finished Spring Data repository scanning in 11 ms. Found 4 JPA repository interfaces.
2026-04-18 15:28:37.356 [INFO] [restartedMain] [291] Multiple Spring Data modules found, entering strict repository configuration mode
2026-04-18 15:28:37.356 [INFO] [restartedMain] [145] Bootstrapping Spring Data Redis repositories in DEFAULT mode.
2026-04-18 15:28:37.359 [INFO] [restartedMain] [327] Spring Data Redis - Could not safely identify store assignment for repository candidate interface tw.idv.rainbow.web.repository.CampaignsRepository; If you want this repository to be a Redis repository, consider annotating your entities with one of these annotations: org.springframework.data.redis.core.RedisHash (preferred), or consider extending one of the following types with your repository: org.springframework.data.keyvalue.repository.KeyValueRepository
2026-04-18 15:28:37.359 [INFO] [restartedMain] [327] Spring Data Redis - Could not safely identify store assignment for repository candidate interface tw.idv.rainbow.web.repository.ConnectLogsRepository; If you want this repository to be a Redis repository, consider annotating your entities with one of these annotations: org.springframework.data.redis.core.RedisHash (preferred), or consider extending one of the following types with your repository: org.springframework.data.keyvalue.repository.KeyValueRepository
2026-04-18 15:28:37.359 [INFO] [restartedMain] [327] Spring Data Redis - Could not safely identify store assignment for repository candidate interface tw.idv.rainbow.web.repository.DevicesRepository; If you want this repository to be a Redis repository, consider annotating your entities with one of these annotations: org.springframework.data.redis.core.RedisHash (preferred), or consider extending one of the following types with your repository: org.springframework.data.keyvalue.repository.KeyValueRepository
2026-04-18 15:28:37.359 [INFO] [restartedMain] [327] Spring Data Redis - Could not safely identify store assignment for repository candidate interface tw.idv.rainbow.web.repository.StatusRefRepository; If you want this repository to be a Redis repository, consider annotating your entities with one of these annotations: org.springframework.data.redis.core.RedisHash (preferred), or consider extending one of the following types with your repository: org.springframework.data.keyvalue.repository.KeyValueRepository
2026-04-18 15:28:37.359 [INFO] [restartedMain] [213] Finished Spring Data repository scanning in 2 ms. Found 0 Redis repository interfaces.
2026-04-18 15:28:37.485 [INFO] [restartedMain] [114] Tomcat initialized with port 8080 (http)
2026-04-18 15:28:37.486 [INFO] [restartedMain] [168] Starting service [Tomcat]
2026-04-18 15:28:37.486 [INFO] [restartedMain] [168] Starting Servlet engine: [Apache Tomcat/11.0.20]
2026-04-18 15:28:37.493 [INFO] [restartedMain] [77] Root WebApplicationContext: initialization completed in 343 ms
2026-04-18 15:28:37.504 [DEBUG] [restartedMain] [236] Filter 'jwtFilter' configured for use
2026-04-18 15:28:37.529 [INFO] [restartedMain] [109] HikariPool-2 - Starting...
2026-04-18 15:28:37.605 [INFO] [restartedMain] [580] HikariPool-2 - Added connection com.mysql.cj.jdbc.ConnectionImpl@46dbbfa2
2026-04-18 15:28:37.606 [INFO] [restartedMain] [122] HikariPool-2 - Start completed.
2026-04-18 15:28:37.607 [INFO] [restartedMain] [102] HHH008540: Processing PersistenceUnitInfo [name: default]
2026-04-18 15:28:37.633 [INFO] [restartedMain] [129] No LoadTimeWeaver setup: ignoring JPA class transformer
2026-04-18 15:28:37.635 [WARN] [restartedMain] [152] HHH90000025: MySQLDialect does not need to be specified explicitly using 'hibernate.dialect' (remove the property setting and it will be selected by default)
2026-04-18 15:28:37.637 [INFO] [restartedMain] [179] HHH10001005: Database info:
	Database JDBC URL [jdbc:mysql://localhost:3307/KUMO]
	Database driver: MySQL Connector/J
	Database dialect: MySQLDialect
	Database version: 8.0.36
	Default catalog/schema: KUMO/undefined
	Autocommit mode: undefined/unknown
	Isolation level: REPEATABLE_READ [default REPEATABLE_READ]
	JDBC fetch size: none
	Pool: DataSourceConnectionProvider
	Minimum pool size: undefined/unknown
	Maximum pool size: undefined/unknown
2026-04-18 15:28:37.710 [INFO] [restartedMain] [53] HHH000489: No JTA platform available (set 'hibernate.transaction.jta.platform' to enable JTA platform integration)
2026-04-18 15:28:37.711 [INFO] [restartedMain] [464] Initialized JPA EntityManagerFactory for persistence unit 'default'
2026-04-18 15:28:37.834 [WARN] [restartedMain] [247] spring.jpa.open-in-view is enabled by default. Therefore, database queries may be performed during view rendering. Explicitly configure spring.jpa.open-in-view to disable this warning
2026-04-18 15:28:37.841 [WARN] [restartedMain] [83] 

Using generated security password: 14ab85ef-18c6-402c-9f74-0ff553be202c

This generated password is for development use only. Your security configuration must be updated before running your application in production.

2026-04-18 15:28:37.842 [INFO] [restartedMain] [110] Global AuthenticationManager configured with UserDetailsService bean with name inMemoryUserDetailsManager
2026-04-18 15:28:37.912 [INFO] [restartedMain] [48] Failed to set up a Bean Validation provider: jakarta.validation.NoProviderFoundException: Unable to create a Configuration, because no Jakarta Validation provider could be found. Add a provider like Hibernate Validator (RI) to your classpath.
2026-04-18 15:28:37.972 [INFO] [restartedMain] [117] Starting...
2026-04-18 15:28:37.973 [INFO] [restartedMain] [117] BrokerAvailabilityEvent[available=true, SimpleBrokerMessageHandler [org.springframework.messaging.simp.broker.DefaultSubscriptionRegistry@52217357]]
2026-04-18 15:28:37.973 [INFO] [restartedMain] [117] Started.
2026-04-18 15:28:37.974 [INFO] [restartedMain] [240] Tomcat started on port 8080 (http) with context path '/kumo/api'
2026-04-18 15:28:37.975 [INFO] [restartedMain] [60] Started KumoApplication in 0.85 seconds (process running for 493.488)
2026-04-18 15:28:37.976 [INFO] [restartedMain] [66] Condition evaluation unchanged
2026-04-18 15:28:39.397 [INFO] [File Watcher] [214] Restarting due to 4 class path changes (4 additions, 0 deletions, 0 modifications)
2026-04-18 15:28:39.415 [INFO] [Thread-5] [54] Commencing graceful shutdown. Waiting for active requests to complete
2026-04-18 15:28:39.425 [INFO] [tomcat-shutdown] [76] Graceful shutdown complete
2026-04-18 15:28:39.434 [INFO] [Thread-5] [117] Stopping...
2026-04-18 15:28:39.434 [INFO] [Thread-5] [117] BrokerAvailabilityEvent[available=false, SimpleBrokerMessageHandler [org.springframework.messaging.simp.broker.DefaultSubscriptionRegistry@52217357]]
2026-04-18 15:28:39.435 [INFO] [Thread-5] [117] Stopped.
2026-04-18 15:28:39.474 [INFO] [Thread-5] [693] Closing JPA EntityManagerFactory for persistence unit 'default'
2026-04-18 15:28:39.479 [INFO] [Thread-5] [349] HikariPool-2 - Shutdown initiated...
2026-04-18 15:28:39.511 [INFO] [Thread-5] [351] HikariPool-2 - Shutdown completed.
2026-04-18 15:28:39.762 [INFO] [restartedMain] [54] Starting KumoApplication using Java 17.0.16 with PID 42859 (/Users/Rainbow_1/IdeaProjects/kumo/target/classes started by pipishrimp in /Users/Rainbow_1/IdeaProjects/kumo)
2026-04-18 15:28:39.763 [DEBUG] [restartedMain] [55] Running with Spring Boot v4.0.5, Spring v7.0.6
2026-04-18 15:28:39.763 [INFO] [restartedMain] [652] No active profile set, falling back to 1 default profile: "default"
2026-04-18 15:28:39.862 [INFO] [restartedMain] [291] Multiple Spring Data modules found, entering strict repository configuration mode
2026-04-18 15:28:39.862 [INFO] [restartedMain] [145] Bootstrapping Spring Data JPA repositories in DEFAULT mode.
2026-04-18 15:28:39.873 [INFO] [restartedMain] [213] Finished Spring Data repository scanning in 7 ms. Found 4 JPA repository interfaces.
2026-04-18 15:28:39.883 [INFO] [restartedMain] [291] Multiple Spring Data modules found, entering strict repository configuration mode
2026-04-18 15:28:39.883 [INFO] [restartedMain] [145] Bootstrapping Spring Data Redis repositories in DEFAULT mode.
2026-04-18 15:28:39.886 [INFO] [restartedMain] [327] Spring Data Redis - Could not safely identify store assignment for repository candidate interface tw.idv.rainbow.web.repository.CampaignsRepository; If you want this repository to be a Redis repository, consider annotating your entities with one of these annotations: org.springframework.data.redis.core.RedisHash (preferred), or consider extending one of the following types with your repository: org.springframework.data.keyvalue.repository.KeyValueRepository
2026-04-18 15:28:39.886 [INFO] [restartedMain] [327] Spring Data Redis - Could not safely identify store assignment for repository candidate interface tw.idv.rainbow.web.repository.ConnectLogsRepository; If you want this repository to be a Redis repository, consider annotating your entities with one of these annotations: org.springframework.data.redis.core.RedisHash (preferred), or consider extending one of the following types with your repository: org.springframework.data.keyvalue.repository.KeyValueRepository
2026-04-18 15:28:39.887 [INFO] [restartedMain] [327] Spring Data Redis - Could not safely identify store assignment for repository candidate interface tw.idv.rainbow.web.repository.DevicesRepository; If you want this repository to be a Redis repository, consider annotating your entities with one of these annotations: org.springframework.data.redis.core.RedisHash (preferred), or consider extending one of the following types with your repository: org.springframework.data.keyvalue.repository.KeyValueRepository
2026-04-18 15:28:39.887 [INFO] [restartedMain] [327] Spring Data Redis - Could not safely identify store assignment for repository candidate interface tw.idv.rainbow.web.repository.StatusRefRepository; If you want this repository to be a Redis repository, consider annotating your entities with one of these annotations: org.springframework.data.redis.core.RedisHash (preferred), or consider extending one of the following types with your repository: org.springframework.data.keyvalue.repository.KeyValueRepository
2026-04-18 15:28:39.889 [INFO] [restartedMain] [213] Finished Spring Data repository scanning in 4 ms. Found 0 Redis repository interfaces.
2026-04-18 15:28:39.991 [INFO] [restartedMain] [114] Tomcat initialized with port 8080 (http)
2026-04-18 15:28:39.992 [INFO] [restartedMain] [168] Starting service [Tomcat]
2026-04-18 15:28:39.992 [INFO] [restartedMain] [168] Starting Servlet engine: [Apache Tomcat/11.0.20]
2026-04-18 15:28:40.000 [INFO] [restartedMain] [77] Root WebApplicationContext: initialization completed in 236 ms
2026-04-18 15:28:40.008 [DEBUG] [restartedMain] [236] Filter 'jwtFilter' configured for use
2026-04-18 15:28:40.019 [INFO] [restartedMain] [109] HikariPool-3 - Starting...
2026-04-18 15:28:40.046 [INFO] [restartedMain] [580] HikariPool-3 - Added connection com.mysql.cj.jdbc.ConnectionImpl@187eecb8
2026-04-18 15:28:40.046 [INFO] [restartedMain] [122] HikariPool-3 - Start completed.
2026-04-18 15:28:40.047 [INFO] [restartedMain] [102] HHH008540: Processing PersistenceUnitInfo [name: default]
2026-04-18 15:28:40.059 [INFO] [restartedMain] [129] No LoadTimeWeaver setup: ignoring JPA class transformer
2026-04-18 15:28:40.061 [WARN] [restartedMain] [152] HHH90000025: MySQLDialect does not need to be specified explicitly using 'hibernate.dialect' (remove the property setting and it will be selected by default)
2026-04-18 15:28:40.062 [INFO] [restartedMain] [179] HHH10001005: Database info:
	Database JDBC URL [jdbc:mysql://localhost:3307/KUMO]
	Database driver: MySQL Connector/J
	Database dialect: MySQLDialect
	Database version: 8.0.36
	Default catalog/schema: KUMO/undefined
	Autocommit mode: undefined/unknown
	Isolation level: REPEATABLE_READ [default REPEATABLE_READ]
	JDBC fetch size: none
	Pool: DataSourceConnectionProvider
	Minimum pool size: undefined/unknown
	Maximum pool size: undefined/unknown
2026-04-18 15:28:40.107 [INFO] [restartedMain] [53] HHH000489: No JTA platform available (set 'hibernate.transaction.jta.platform' to enable JTA platform integration)
2026-04-18 15:28:40.108 [INFO] [restartedMain] [464] Initialized JPA EntityManagerFactory for persistence unit 'default'
2026-04-18 15:28:40.202 [WARN] [restartedMain] [247] spring.jpa.open-in-view is enabled by default. Therefore, database queries may be performed during view rendering. Explicitly configure spring.jpa.open-in-view to disable this warning
2026-04-18 15:28:40.211 [WARN] [restartedMain] [83] 

Using generated security password: c4300b89-a3c8-435d-97e0-cf714935fea8

This generated password is for development use only. Your security configuration must be updated before running your application in production.

2026-04-18 15:28:40.211 [INFO] [restartedMain] [110] Global AuthenticationManager configured with UserDetailsService bean with name inMemoryUserDetailsManager
2026-04-18 15:28:40.263 [INFO] [restartedMain] [48] Failed to set up a Bean Validation provider: jakarta.validation.NoProviderFoundException: Unable to create a Configuration, because no Jakarta Validation provider could be found. Add a provider like Hibernate Validator (RI) to your classpath.
2026-04-18 15:28:40.316 [INFO] [restartedMain] [117] Starting...
2026-04-18 15:28:40.316 [INFO] [restartedMain] [117] BrokerAvailabilityEvent[available=true, SimpleBrokerMessageHandler [org.springframework.messaging.simp.broker.DefaultSubscriptionRegistry@7326f47]]
2026-04-18 15:28:40.316 [INFO] [restartedMain] [117] Started.
2026-04-18 15:28:40.317 [INFO] [restartedMain] [240] Tomcat started on port 8080 (http) with context path '/kumo/api'
2026-04-18 15:28:40.319 [INFO] [restartedMain] [60] Started KumoApplication in 0.57 seconds (process running for 495.832)
2026-04-18 15:28:40.320 [INFO] [restartedMain] [66] Condition evaluation unchanged
2026-04-18 15:29:19.156 [INFO] [File Watcher] [214] Restarting due to 1 class path change (0 additions, 1 deletion, 0 modifications)
2026-04-18 15:29:19.178 [INFO] [Thread-9] [54] Commencing graceful shutdown. Waiting for active requests to complete
2026-04-18 15:29:19.184 [INFO] [tomcat-shutdown] [76] Graceful shutdown complete
2026-04-18 15:29:19.186 [INFO] [Thread-9] [117] Stopping...
2026-04-18 15:29:19.187 [INFO] [Thread-9] [117] BrokerAvailabilityEvent[available=false, SimpleBrokerMessageHandler [org.springframework.messaging.simp.broker.DefaultSubscriptionRegistry@7326f47]]
2026-04-18 15:29:19.187 [INFO] [Thread-9] [117] Stopped.
2026-04-18 15:29:19.194 [INFO] [Thread-9] [693] Closing JPA EntityManagerFactory for persistence unit 'default'
2026-04-18 15:29:19.196 [INFO] [Thread-9] [349] HikariPool-3 - Shutdown initiated...
2026-04-18 15:29:19.203 [INFO] [Thread-9] [351] HikariPool-3 - Shutdown completed.
2026-04-18 15:29:19.364 [INFO] [restartedMain] [54] Starting KumoApplication using Java 17.0.16 with PID 42859 (/Users/Rainbow_1/IdeaProjects/kumo/target/classes started by pipishrimp in /Users/Rainbow_1/IdeaProjects/kumo)
2026-04-18 15:29:19.364 [DEBUG] [restartedMain] [55] Running with Spring Boot v4.0.5, Spring v7.0.6
2026-04-18 15:29:19.364 [INFO] [restartedMain] [652] No active profile set, falling back to 1 default profile: "default"
2026-04-18 15:29:19.495 [INFO] [restartedMain] [291] Multiple Spring Data modules found, entering strict repository configuration mode
2026-04-18 15:29:19.495 [INFO] [restartedMain] [145] Bootstrapping Spring Data JPA repositories in DEFAULT mode.
2026-04-18 15:29:19.504 [INFO] [restartedMain] [213] Finished Spring Data repository scanning in 6 ms. Found 4 JPA repository interfaces.
2026-04-18 15:29:19.508 [INFO] [restartedMain] [291] Multiple Spring Data modules found, entering strict repository configuration mode
2026-04-18 15:29:19.508 [INFO] [restartedMain] [145] Bootstrapping Spring Data Redis repositories in DEFAULT mode.
2026-04-18 15:29:19.511 [INFO] [restartedMain] [327] Spring Data Redis - Could not safely identify store assignment for repository candidate interface tw.idv.rainbow.web.repository.CampaignsRepository; If you want this repository to be a Redis repository, consider annotating your entities with one of these annotations: org.springframework.data.redis.core.RedisHash (preferred), or consider extending one of the following types with your repository: org.springframework.data.keyvalue.repository.KeyValueRepository
2026-04-18 15:29:19.511 [INFO] [restartedMain] [327] Spring Data Redis - Could not safely identify store assignment for repository candidate interface tw.idv.rainbow.web.repository.ConnectLogsRepository; If you want this repository to be a Redis repository, consider annotating your entities with one of these annotations: org.springframework.data.redis.core.RedisHash (preferred), or consider extending one of the following types with your repository: org.springframework.data.keyvalue.repository.KeyValueRepository
2026-04-18 15:29:19.511 [INFO] [restartedMain] [327] Spring Data Redis - Could not safely identify store assignment for repository candidate interface tw.idv.rainbow.web.repository.DevicesRepository; If you want this repository to be a Redis repository, consider annotating your entities with one of these annotations: org.springframework.data.redis.core.RedisHash (preferred), or consider extending one of the following types with your repository: org.springframework.data.keyvalue.repository.KeyValueRepository
2026-04-18 15:29:19.511 [INFO] [restartedMain] [327] Spring Data Redis - Could not safely identify store assignment for repository candidate interface tw.idv.rainbow.web.repository.StatusRefRepository; If you want this repository to be a Redis repository, consider annotating your entities with one of these annotations: org.springframework.data.redis.core.RedisHash (preferred), or consider extending one of the following types with your repository: org.springframework.data.keyvalue.repository.KeyValueRepository
2026-04-18 15:29:19.511 [INFO] [restartedMain] [213] Finished Spring Data repository scanning in 2 ms. Found 0 Redis repository interfaces.
2026-04-18 15:29:19.572 [INFO] [restartedMain] [114] Tomcat initialized with port 8080 (http)
2026-04-18 15:29:19.572 [INFO] [restartedMain] [168] Starting service [Tomcat]
2026-04-18 15:29:19.572 [INFO] [restartedMain] [168] Starting Servlet engine: [Apache Tomcat/11.0.20]
2026-04-18 15:29:19.585 [INFO] [restartedMain] [77] Root WebApplicationContext: initialization completed in 220 ms
2026-04-18 15:29:19.599 [DEBUG] [restartedMain] [236] Filter 'jwtFilter' configured for use
2026-04-18 15:29:19.621 [INFO] [restartedMain] [109] HikariPool-4 - Starting...
2026-04-18 15:29:19.673 [INFO] [restartedMain] [580] HikariPool-4 - Added connection com.mysql.cj.jdbc.ConnectionImpl@667e75f3
2026-04-18 15:29:19.673 [INFO] [restartedMain] [122] HikariPool-4 - Start completed.
2026-04-18 15:29:19.674 [INFO] [restartedMain] [102] HHH008540: Processing PersistenceUnitInfo [name: default]
2026-04-18 15:29:19.687 [INFO] [restartedMain] [129] No LoadTimeWeaver setup: ignoring JPA class transformer
2026-04-18 15:29:19.689 [WARN] [restartedMain] [152] HHH90000025: MySQLDialect does not need to be specified explicitly using 'hibernate.dialect' (remove the property setting and it will be selected by default)
2026-04-18 15:29:19.692 [INFO] [restartedMain] [179] HHH10001005: Database info:
	Database JDBC URL [jdbc:mysql://localhost:3307/KUMO]
	Database driver: MySQL Connector/J
	Database dialect: MySQLDialect
	Database version: 8.0.36
	Default catalog/schema: KUMO/undefined
	Autocommit mode: undefined/unknown
	Isolation level: REPEATABLE_READ [default REPEATABLE_READ]
	JDBC fetch size: none
	Pool: DataSourceConnectionProvider
	Minimum pool size: undefined/unknown
	Maximum pool size: undefined/unknown
2026-04-18 15:29:19.740 [INFO] [restartedMain] [53] HHH000489: No JTA platform available (set 'hibernate.transaction.jta.platform' to enable JTA platform integration)
2026-04-18 15:29:19.740 [INFO] [restartedMain] [464] Initialized JPA EntityManagerFactory for persistence unit 'default'
2026-04-18 15:29:19.840 [WARN] [restartedMain] [247] spring.jpa.open-in-view is enabled by default. Therefore, database queries may be performed during view rendering. Explicitly configure spring.jpa.open-in-view to disable this warning
2026-04-18 15:29:19.849 [WARN] [restartedMain] [83] 

Using generated security password: 30d0303e-d188-41aa-a442-cc0cf93ef379

This generated password is for development use only. Your security configuration must be updated before running your application in production.

2026-04-18 15:29:19.850 [INFO] [restartedMain] [110] Global AuthenticationManager configured with UserDetailsService bean with name inMemoryUserDetailsManager
2026-04-18 15:29:19.912 [INFO] [restartedMain] [48] Failed to set up a Bean Validation provider: jakarta.validation.NoProviderFoundException: Unable to create a Configuration, because no Jakarta Validation provider could be found. Add a provider like Hibernate Validator (RI) to your classpath.
2026-04-18 15:29:19.971 [INFO] [restartedMain] [117] Starting...
2026-04-18 15:29:19.971 [INFO] [restartedMain] [117] BrokerAvailabilityEvent[available=true, SimpleBrokerMessageHandler [org.springframework.messaging.simp.broker.DefaultSubscriptionRegistry@1c91187]]
2026-04-18 15:29:19.971 [INFO] [restartedMain] [117] Started.
2026-04-18 15:29:19.972 [INFO] [restartedMain] [240] Tomcat started on port 8080 (http) with context path '/kumo/api'
2026-04-18 15:29:19.974 [INFO] [restartedMain] [60] Started KumoApplication in 0.629 seconds (process running for 535.488)
2026-04-18 15:29:19.974 [INFO] [restartedMain] [66] Condition evaluation unchanged
2026-04-18 15:29:21.386 [INFO] [File Watcher] [214] Restarting due to 1 class path change (1 addition, 0 deletions, 0 modifications)
2026-04-18 15:29:21.390 [INFO] [Thread-13] [54] Commencing graceful shutdown. Waiting for active requests to complete
2026-04-18 15:29:21.395 [INFO] [tomcat-shutdown] [76] Graceful shutdown complete
2026-04-18 15:29:21.396 [INFO] [Thread-13] [117] Stopping...
2026-04-18 15:29:21.396 [INFO] [Thread-13] [117] BrokerAvailabilityEvent[available=false, SimpleBrokerMessageHandler [org.springframework.messaging.simp.broker.DefaultSubscriptionRegistry@1c91187]]
2026-04-18 15:29:21.396 [INFO] [Thread-13] [117] Stopped.
2026-04-18 15:29:21.400 [INFO] [Thread-13] [693] Closing JPA EntityManagerFactory for persistence unit 'default'
2026-04-18 15:29:21.402 [INFO] [Thread-13] [349] HikariPool-4 - Shutdown initiated...
2026-04-18 15:29:21.414 [INFO] [Thread-13] [351] HikariPool-4 - Shutdown completed.
2026-04-18 15:29:21.502 [INFO] [restartedMain] [54] Starting KumoApplication using Java 17.0.16 with PID 42859 (/Users/Rainbow_1/IdeaProjects/kumo/target/classes started by pipishrimp in /Users/Rainbow_1/IdeaProjects/kumo)
2026-04-18 15:29:21.502 [DEBUG] [restartedMain] [55] Running with Spring Boot v4.0.5, Spring v7.0.6
2026-04-18 15:29:21.502 [INFO] [restartedMain] [652] No active profile set, falling back to 1 default profile: "default"
2026-04-18 15:29:21.587 [INFO] [restartedMain] [291] Multiple Spring Data modules found, entering strict repository configuration mode
2026-04-18 15:29:21.587 [INFO] [restartedMain] [145] Bootstrapping Spring Data JPA repositories in DEFAULT mode.
2026-04-18 15:29:21.592 [INFO] [restartedMain] [213] Finished Spring Data repository scanning in 4 ms. Found 4 JPA repository interfaces.
2026-04-18 15:29:21.599 [INFO] [restartedMain] [291] Multiple Spring Data modules found, entering strict repository configuration mode
2026-04-18 15:29:21.599 [INFO] [restartedMain] [145] Bootstrapping Spring Data Redis repositories in DEFAULT mode.
2026-04-18 15:29:21.601 [INFO] [restartedMain] [327] Spring Data Redis - Could not safely identify store assignment for repository candidate interface tw.idv.rainbow.web.repository.CampaignsRepository; If you want this repository to be a Redis repository, consider annotating your entities with one of these annotations: org.springframework.data.redis.core.RedisHash (preferred), or consider extending one of the following types with your repository: org.springframework.data.keyvalue.repository.KeyValueRepository
2026-04-18 15:29:21.601 [INFO] [restartedMain] [327] Spring Data Redis - Could not safely identify store assignment for repository candidate interface tw.idv.rainbow.web.repository.ConnectLogsRepository; If you want this repository to be a Redis repository, consider annotating your entities with one of these annotations: org.springframework.data.redis.core.RedisHash (preferred), or consider extending one of the following types with your repository: org.springframework.data.keyvalue.repository.KeyValueRepository
2026-04-18 15:29:21.601 [INFO] [restartedMain] [327] Spring Data Redis - Could not safely identify store assignment for repository candidate interface tw.idv.rainbow.web.repository.DevicesRepository; If you want this repository to be a Redis repository, consider annotating your entities with one of these annotations: org.springframework.data.redis.core.RedisHash (preferred), or consider extending one of the following types with your repository: org.springframework.data.keyvalue.repository.KeyValueRepository
2026-04-18 15:29:21.602 [INFO] [restartedMain] [327] Spring Data Redis - Could not safely identify store assignment for repository candidate interface tw.idv.rainbow.web.repository.StatusRefRepository; If you want this repository to be a Redis repository, consider annotating your entities with one of these annotations: org.springframework.data.redis.core.RedisHash (preferred), or consider extending one of the following types with your repository: org.springframework.data.keyvalue.repository.KeyValueRepository
2026-04-18 15:29:21.602 [INFO] [restartedMain] [213] Finished Spring Data repository scanning in 2 ms. Found 0 Redis repository interfaces.
2026-04-18 15:29:21.669 [INFO] [restartedMain] [114] Tomcat initialized with port 8080 (http)
2026-04-18 15:29:21.669 [INFO] [restartedMain] [168] Starting service [Tomcat]
2026-04-18 15:29:21.670 [INFO] [restartedMain] [168] Starting Servlet engine: [Apache Tomcat/11.0.20]
2026-04-18 15:29:21.679 [INFO] [restartedMain] [77] Root WebApplicationContext: initialization completed in 177 ms
2026-04-18 15:29:21.688 [DEBUG] [restartedMain] [236] Filter 'jwtFilter' configured for use
2026-04-18 15:29:21.700 [INFO] [restartedMain] [109] HikariPool-5 - Starting...
2026-04-18 15:29:21.723 [INFO] [restartedMain] [580] HikariPool-5 - Added connection com.mysql.cj.jdbc.ConnectionImpl@11331133
2026-04-18 15:29:21.724 [INFO] [restartedMain] [122] HikariPool-5 - Start completed.
2026-04-18 15:29:21.724 [INFO] [restartedMain] [102] HHH008540: Processing PersistenceUnitInfo [name: default]
2026-04-18 15:29:21.734 [INFO] [restartedMain] [129] No LoadTimeWeaver setup: ignoring JPA class transformer
2026-04-18 15:29:21.735 [WARN] [restartedMain] [152] HHH90000025: MySQLDialect does not need to be specified explicitly using 'hibernate.dialect' (remove the property setting and it will be selected by default)
2026-04-18 15:29:21.736 [INFO] [restartedMain] [179] HHH10001005: Database info:
	Database JDBC URL [jdbc:mysql://localhost:3307/KUMO]
	Database driver: MySQL Connector/J
	Database dialect: MySQLDialect
	Database version: 8.0.36
	Default catalog/schema: KUMO/undefined
	Autocommit mode: undefined/unknown
	Isolation level: REPEATABLE_READ [default REPEATABLE_READ]
	JDBC fetch size: none
	Pool: DataSourceConnectionProvider
	Minimum pool size: undefined/unknown
	Maximum pool size: undefined/unknown
2026-04-18 15:29:21.773 [INFO] [restartedMain] [53] HHH000489: No JTA platform available (set 'hibernate.transaction.jta.platform' to enable JTA platform integration)
2026-04-18 15:29:21.773 [INFO] [restartedMain] [464] Initialized JPA EntityManagerFactory for persistence unit 'default'
2026-04-18 15:29:21.862 [WARN] [restartedMain] [247] spring.jpa.open-in-view is enabled by default. Therefore, database queries may be performed during view rendering. Explicitly configure spring.jpa.open-in-view to disable this warning
2026-04-18 15:29:21.869 [WARN] [restartedMain] [83] 

Using generated security password: 8b409ade-da89-4d8d-8ab8-3e0e6cf74a38

This generated password is for development use only. Your security configuration must be updated before running your application in production.

2026-04-18 15:29:21.869 [INFO] [restartedMain] [110] Global AuthenticationManager configured with UserDetailsService bean with name inMemoryUserDetailsManager
2026-04-18 15:29:21.921 [INFO] [restartedMain] [48] Failed to set up a Bean Validation provider: jakarta.validation.NoProviderFoundException: Unable to create a Configuration, because no Jakarta Validation provider could be found. Add a provider like Hibernate Validator (RI) to your classpath.
2026-04-18 15:29:21.970 [INFO] [restartedMain] [117] Starting...
2026-04-18 15:29:21.971 [INFO] [restartedMain] [117] BrokerAvailabilityEvent[available=true, SimpleBrokerMessageHandler [org.springframework.messaging.simp.broker.DefaultSubscriptionRegistry@5c73d048]]
2026-04-18 15:29:21.971 [INFO] [restartedMain] [117] Started.
2026-04-18 15:29:21.971 [INFO] [restartedMain] [240] Tomcat started on port 8080 (http) with context path '/kumo/api'
2026-04-18 15:29:21.973 [INFO] [restartedMain] [60] Started KumoApplication in 0.483 seconds (process running for 537.487)
2026-04-18 15:29:21.973 [INFO] [restartedMain] [66] Condition evaluation unchanged
2026-04-18 15:30:00.806 [INFO] [File Watcher] [214] Restarting due to 1 class path change (0 additions, 1 deletion, 0 modifications)
2026-04-18 15:30:00.827 [INFO] [Thread-17] [54] Commencing graceful shutdown. Waiting for active requests to complete
2026-04-18 15:30:00.835 [INFO] [tomcat-shutdown] [76] Graceful shutdown complete
2026-04-18 15:30:00.837 [INFO] [Thread-17] [117] Stopping...
2026-04-18 15:30:00.837 [INFO] [Thread-17] [117] BrokerAvailabilityEvent[available=false, SimpleBrokerMessageHandler [org.springframework.messaging.simp.broker.DefaultSubscriptionRegistry@5c73d048]]
2026-04-18 15:30:00.837 [INFO] [Thread-17] [117] Stopped.
2026-04-18 15:30:00.848 [INFO] [Thread-17] [693] Closing JPA EntityManagerFactory for persistence unit 'default'
2026-04-18 15:30:00.858 [INFO] [Thread-17] [349] HikariPool-5 - Shutdown initiated...
2026-04-18 15:30:00.861 [INFO] [Thread-17] [351] HikariPool-5 - Shutdown completed.
2026-04-18 15:30:01.008 [INFO] [restartedMain] [54] Starting KumoApplication using Java 17.0.16 with PID 42859 (/Users/Rainbow_1/IdeaProjects/kumo/target/classes started by pipishrimp in /Users/Rainbow_1/IdeaProjects/kumo)
2026-04-18 15:30:01.008 [DEBUG] [restartedMain] [55] Running with Spring Boot v4.0.5, Spring v7.0.6
2026-04-18 15:30:01.008 [INFO] [restartedMain] [652] No active profile set, falling back to 1 default profile: "default"
2026-04-18 15:30:01.194 [INFO] [restartedMain] [291] Multiple Spring Data modules found, entering strict repository configuration mode
2026-04-18 15:30:01.194 [INFO] [restartedMain] [145] Bootstrapping Spring Data JPA repositories in DEFAULT mode.
2026-04-18 15:30:01.205 [INFO] [restartedMain] [213] Finished Spring Data repository scanning in 9 ms. Found 4 JPA repository interfaces.
2026-04-18 15:30:01.213 [INFO] [restartedMain] [291] Multiple Spring Data modules found, entering strict repository configuration mode
2026-04-18 15:30:01.213 [INFO] [restartedMain] [145] Bootstrapping Spring Data Redis repositories in DEFAULT mode.
2026-04-18 15:30:01.215 [INFO] [restartedMain] [327] Spring Data Redis - Could not safely identify store assignment for repository candidate interface tw.idv.rainbow.web.repository.CampaignsRepository; If you want this repository to be a Redis repository, consider annotating your entities with one of these annotations: org.springframework.data.redis.core.RedisHash (preferred), or consider extending one of the following types with your repository: org.springframework.data.keyvalue.repository.KeyValueRepository
2026-04-18 15:30:01.215 [INFO] [restartedMain] [327] Spring Data Redis - Could not safely identify store assignment for repository candidate interface tw.idv.rainbow.web.repository.ConnectLogsRepository; If you want this repository to be a Redis repository, consider annotating your entities with one of these annotations: org.springframework.data.redis.core.RedisHash (preferred), or consider extending one of the following types with your repository: org.springframework.data.keyvalue.repository.KeyValueRepository
2026-04-18 15:30:01.215 [INFO] [restartedMain] [327] Spring Data Redis - Could not safely identify store assignment for repository candidate interface tw.idv.rainbow.web.repository.DevicesRepository; If you want this repository to be a Redis repository, consider annotating your entities with one of these annotations: org.springframework.data.redis.core.RedisHash (preferred), or consider extending one of the following types with your repository: org.springframework.data.keyvalue.repository.KeyValueRepository
2026-04-18 15:30:01.216 [INFO] [restartedMain] [327] Spring Data Redis - Could not safely identify store assignment for repository candidate interface tw.idv.rainbow.web.repository.StatusRefRepository; If you want this repository to be a Redis repository, consider annotating your entities with one of these annotations: org.springframework.data.redis.core.RedisHash (preferred), or consider extending one of the following types with your repository: org.springframework.data.keyvalue.repository.KeyValueRepository
2026-04-18 15:30:01.216 [INFO] [restartedMain] [213] Finished Spring Data repository scanning in 1 ms. Found 0 Redis repository interfaces.
2026-04-18 15:30:01.278 [INFO] [restartedMain] [114] Tomcat initialized with port 8080 (http)
2026-04-18 15:30:01.278 [INFO] [restartedMain] [168] Starting service [Tomcat]
2026-04-18 15:30:01.278 [INFO] [restartedMain] [168] Starting Servlet engine: [Apache Tomcat/11.0.20]
2026-04-18 15:30:01.287 [INFO] [restartedMain] [77] Root WebApplicationContext: initialization completed in 278 ms
2026-04-18 15:30:01.295 [DEBUG] [restartedMain] [236] Filter 'jwtFilter' configured for use
2026-04-18 15:30:01.307 [INFO] [restartedMain] [109] HikariPool-6 - Starting...
2026-04-18 15:30:01.359 [INFO] [restartedMain] [580] HikariPool-6 - Added connection com.mysql.cj.jdbc.ConnectionImpl@f812281
2026-04-18 15:30:01.360 [INFO] [restartedMain] [122] HikariPool-6 - Start completed.
2026-04-18 15:30:01.361 [INFO] [restartedMain] [102] HHH008540: Processing PersistenceUnitInfo [name: default]
2026-04-18 15:30:01.380 [INFO] [restartedMain] [129] No LoadTimeWeaver setup: ignoring JPA class transformer
2026-04-18 15:30:01.382 [WARN] [restartedMain] [152] HHH90000025: MySQLDialect does not need to be specified explicitly using 'hibernate.dialect' (remove the property setting and it will be selected by default)
2026-04-18 15:30:01.383 [INFO] [restartedMain] [179] HHH10001005: Database info:
	Database JDBC URL [jdbc:mysql://localhost:3307/KUMO]
	Database driver: MySQL Connector/J
	Database dialect: MySQLDialect
	Database version: 8.0.36
	Default catalog/schema: KUMO/undefined
	Autocommit mode: undefined/unknown
	Isolation level: REPEATABLE_READ [default REPEATABLE_READ]
	JDBC fetch size: none
	Pool: DataSourceConnectionProvider
	Minimum pool size: undefined/unknown
	Maximum pool size: undefined/unknown
2026-04-18 15:30:01.473 [INFO] [restartedMain] [53] HHH000489: No JTA platform available (set 'hibernate.transaction.jta.platform' to enable JTA platform integration)
2026-04-18 15:30:01.473 [INFO] [restartedMain] [464] Initialized JPA EntityManagerFactory for persistence unit 'default'
2026-04-18 15:30:01.670 [WARN] [restartedMain] [247] spring.jpa.open-in-view is enabled by default. Therefore, database queries may be performed during view rendering. Explicitly configure spring.jpa.open-in-view to disable this warning
2026-04-18 15:30:01.678 [WARN] [restartedMain] [83] 

Using generated security password: a76d608b-3836-4314-b57c-d0d6ee251648

This generated password is for development use only. Your security configuration must be updated before running your application in production.

2026-04-18 15:30:01.679 [INFO] [restartedMain] [110] Global AuthenticationManager configured with UserDetailsService bean with name inMemoryUserDetailsManager
2026-04-18 15:30:01.770 [INFO] [restartedMain] [48] Failed to set up a Bean Validation provider: jakarta.validation.NoProviderFoundException: Unable to create a Configuration, because no Jakarta Validation provider could be found. Add a provider like Hibernate Validator (RI) to your classpath.
2026-04-18 15:30:01.853 [INFO] [restartedMain] [117] Starting...
2026-04-18 15:30:01.853 [INFO] [restartedMain] [117] BrokerAvailabilityEvent[available=true, SimpleBrokerMessageHandler [org.springframework.messaging.simp.broker.DefaultSubscriptionRegistry@62722d85]]
2026-04-18 15:30:01.854 [INFO] [restartedMain] [117] Started.
2026-04-18 15:30:01.858 [INFO] [restartedMain] [240] Tomcat started on port 8080 (http) with context path '/kumo/api'
2026-04-18 15:30:01.865 [INFO] [restartedMain] [60] Started KumoApplication in 0.876 seconds (process running for 577.38)
2026-04-18 15:30:01.866 [INFO] [restartedMain] [66] Condition evaluation unchanged
2026-04-18 15:30:03.256 [INFO] [File Watcher] [214] Restarting due to 1 class path change (1 addition, 0 deletions, 0 modifications)
2026-04-18 15:30:03.259 [INFO] [Thread-21] [54] Commencing graceful shutdown. Waiting for active requests to complete
2026-04-18 15:30:03.261 [INFO] [tomcat-shutdown] [76] Graceful shutdown complete
2026-04-18 15:30:03.261 [INFO] [Thread-21] [117] Stopping...
2026-04-18 15:30:03.261 [INFO] [Thread-21] [117] BrokerAvailabilityEvent[available=false, SimpleBrokerMessageHandler [org.springframework.messaging.simp.broker.DefaultSubscriptionRegistry@62722d85]]
2026-04-18 15:30:03.261 [INFO] [Thread-21] [117] Stopped.
2026-04-18 15:30:03.265 [INFO] [Thread-21] [693] Closing JPA EntityManagerFactory for persistence unit 'default'
2026-04-18 15:30:03.266 [INFO] [Thread-21] [349] HikariPool-6 - Shutdown initiated...
2026-04-18 15:30:03.268 [INFO] [Thread-21] [351] HikariPool-6 - Shutdown completed.
2026-04-18 15:30:03.360 [INFO] [restartedMain] [54] Starting KumoApplication using Java 17.0.16 with PID 42859 (/Users/Rainbow_1/IdeaProjects/kumo/target/classes started by pipishrimp in /Users/Rainbow_1/IdeaProjects/kumo)
2026-04-18 15:30:03.360 [DEBUG] [restartedMain] [55] Running with Spring Boot v4.0.5, Spring v7.0.6
2026-04-18 15:30:03.360 [INFO] [restartedMain] [652] No active profile set, falling back to 1 default profile: "default"
2026-04-18 15:30:03.435 [INFO] [restartedMain] [291] Multiple Spring Data modules found, entering strict repository configuration mode
2026-04-18 15:30:03.435 [INFO] [restartedMain] [145] Bootstrapping Spring Data JPA repositories in DEFAULT mode.
2026-04-18 15:30:03.441 [INFO] [restartedMain] [213] Finished Spring Data repository scanning in 4 ms. Found 4 JPA repository interfaces.
2026-04-18 15:30:03.444 [INFO] [restartedMain] [291] Multiple Spring Data modules found, entering strict repository configuration mode
2026-04-18 15:30:03.444 [INFO] [restartedMain] [145] Bootstrapping Spring Data Redis repositories in DEFAULT mode.
2026-04-18 15:30:03.446 [INFO] [restartedMain] [327] Spring Data Redis - Could not safely identify store assignment for repository candidate interface tw.idv.rainbow.web.repository.CampaignsRepository; If you want this repository to be a Redis repository, consider annotating your entities with one of these annotations: org.springframework.data.redis.core.RedisHash (preferred), or consider extending one of the following types with your repository: org.springframework.data.keyvalue.repository.KeyValueRepository
2026-04-18 15:30:03.446 [INFO] [restartedMain] [327] Spring Data Redis - Could not safely identify store assignment for repository candidate interface tw.idv.rainbow.web.repository.ConnectLogsRepository; If you want this repository to be a Redis repository, consider annotating your entities with one of these annotations: org.springframework.data.redis.core.RedisHash (preferred), or consider extending one of the following types with your repository: org.springframework.data.keyvalue.repository.KeyValueRepository
2026-04-18 15:30:03.446 [INFO] [restartedMain] [327] Spring Data Redis - Could not safely identify store assignment for repository candidate interface tw.idv.rainbow.web.repository.DevicesRepository; If you want this repository to be a Redis repository, consider annotating your entities with one of these annotations: org.springframework.data.redis.core.RedisHash (preferred), or consider extending one of the following types with your repository: org.springframework.data.keyvalue.repository.KeyValueRepository
2026-04-18 15:30:03.446 [INFO] [restartedMain] [327] Spring Data Redis - Could not safely identify store assignment for repository candidate interface tw.idv.rainbow.web.repository.StatusRefRepository; If you want this repository to be a Redis repository, consider annotating your entities with one of these annotations: org.springframework.data.redis.core.RedisHash (preferred), or consider extending one of the following types with your repository: org.springframework.data.keyvalue.repository.KeyValueRepository
2026-04-18 15:30:03.446 [INFO] [restartedMain] [213] Finished Spring Data repository scanning in 1 ms. Found 0 Redis repository interfaces.
2026-04-18 15:30:03.501 [INFO] [restartedMain] [114] Tomcat initialized with port 8080 (http)
2026-04-18 15:30:03.502 [INFO] [restartedMain] [168] Starting service [Tomcat]
2026-04-18 15:30:03.502 [INFO] [restartedMain] [168] Starting Servlet engine: [Apache Tomcat/11.0.20]
2026-04-18 15:30:03.508 [INFO] [restartedMain] [77] Root WebApplicationContext: initialization completed in 147 ms
2026-04-18 15:30:03.516 [DEBUG] [restartedMain] [236] Filter 'jwtFilter' configured for use
2026-04-18 15:30:03.538 [INFO] [restartedMain] [109] HikariPool-7 - Starting...
2026-04-18 15:30:03.562 [INFO] [restartedMain] [580] HikariPool-7 - Added connection com.mysql.cj.jdbc.ConnectionImpl@621432d5
2026-04-18 15:30:03.562 [INFO] [restartedMain] [122] HikariPool-7 - Start completed.
2026-04-18 15:30:03.563 [INFO] [restartedMain] [102] HHH008540: Processing PersistenceUnitInfo [name: default]
2026-04-18 15:30:03.573 [INFO] [restartedMain] [129] No LoadTimeWeaver setup: ignoring JPA class transformer
2026-04-18 15:30:03.574 [WARN] [restartedMain] [152] HHH90000025: MySQLDialect does not need to be specified explicitly using 'hibernate.dialect' (remove the property setting and it will be selected by default)
2026-04-18 15:30:03.575 [INFO] [restartedMain] [179] HHH10001005: Database info:
	Database JDBC URL [jdbc:mysql://localhost:3307/KUMO]
	Database driver: MySQL Connector/J
	Database dialect: MySQLDialect
	Database version: 8.0.36
	Default catalog/schema: KUMO/undefined
	Autocommit mode: undefined/unknown
	Isolation level: REPEATABLE_READ [default REPEATABLE_READ]
	JDBC fetch size: none
	Pool: DataSourceConnectionProvider
	Minimum pool size: undefined/unknown
	Maximum pool size: undefined/unknown
2026-04-18 15:30:03.608 [INFO] [restartedMain] [53] HHH000489: No JTA platform available (set 'hibernate.transaction.jta.platform' to enable JTA platform integration)
2026-04-18 15:30:03.608 [INFO] [restartedMain] [464] Initialized JPA EntityManagerFactory for persistence unit 'default'
2026-04-18 15:30:03.791 [WARN] [restartedMain] [247] spring.jpa.open-in-view is enabled by default. Therefore, database queries may be performed during view rendering. Explicitly configure spring.jpa.open-in-view to disable this warning
2026-04-18 15:30:03.818 [WARN] [restartedMain] [83] 

Using generated security password: aec7cc8e-9aef-479c-8bc4-2f03e4f84182

This generated password is for development use only. Your security configuration must be updated before running your application in production.

2026-04-18 15:30:03.820 [INFO] [restartedMain] [110] Global AuthenticationManager configured with UserDetailsService bean with name inMemoryUserDetailsManager
2026-04-18 15:30:03.979 [INFO] [restartedMain] [48] Failed to set up a Bean Validation provider: jakarta.validation.NoProviderFoundException: Unable to create a Configuration, because no Jakarta Validation provider could be found. Add a provider like Hibernate Validator (RI) to your classpath.
2026-04-18 15:30:04.222 [INFO] [restartedMain] [117] Starting...
2026-04-18 15:30:04.224 [INFO] [restartedMain] [117] BrokerAvailabilityEvent[available=true, SimpleBrokerMessageHandler [org.springframework.messaging.simp.broker.DefaultSubscriptionRegistry@3cbe6e58]]
2026-04-18 15:30:04.226 [INFO] [restartedMain] [117] Started.
2026-04-18 15:30:04.229 [INFO] [restartedMain] [240] Tomcat started on port 8080 (http) with context path '/kumo/api'
2026-04-18 15:30:04.236 [INFO] [restartedMain] [60] Started KumoApplication in 0.882 seconds (process running for 579.751)
2026-04-18 15:30:04.240 [INFO] [restartedMain] [66] Condition evaluation unchanged
2026-04-18 15:30:31.855 [WARN] [HikariPool-7:housekeeper] [817] HikariPool-7 - Retrograde clock change detected (housekeeper delta=28s185ms), soft-evicting connections from pool.
2026-04-18 15:31:02.390 [INFO] [MessageBroker-1] [147] WebSocketSession[0 current WS(0)-HttpStream(0)-HttpPoll(0), 0 total, 0 closed abnormally (0 connect failure, 0 send limit, 0 transport error)], stompSubProtocol[processed CONNECT(0)-CONNECTED(0)-DISCONNECT(0)], stompBrokerRelay[null], inboundChannel[pool size = 0, active threads = 0, queued tasks = 0, completed tasks = 0], outboundChannel[pool size = 0, active threads = 0, queued tasks = 0, completed tasks = 0], sockJsScheduler[pool size = 1, active threads = 1, queued tasks = 0, completed tasks = 0]
2026-04-18 15:31:06.795 [INFO] [File Watcher] [214] Restarting due to 1 class path change (0 additions, 0 deletions, 1 modification)
2026-04-18 15:31:06.815 [INFO] [Thread-25] [54] Commencing graceful shutdown. Waiting for active requests to complete
2026-04-18 15:31:06.820 [INFO] [tomcat-shutdown] [76] Graceful shutdown complete
2026-04-18 15:31:06.824 [INFO] [Thread-25] [117] Stopping...
2026-04-18 15:31:06.824 [INFO] [Thread-25] [117] BrokerAvailabilityEvent[available=false, SimpleBrokerMessageHandler [org.springframework.messaging.simp.broker.DefaultSubscriptionRegistry@3cbe6e58]]
2026-04-18 15:31:06.824 [INFO] [Thread-25] [117] Stopped.
2026-04-18 15:31:06.831 [INFO] [Thread-25] [693] Closing JPA EntityManagerFactory for persistence unit 'default'
2026-04-18 15:31:06.836 [INFO] [Thread-25] [349] HikariPool-7 - Shutdown initiated...
2026-04-18 15:31:06.848 [INFO] [Thread-25] [351] HikariPool-7 - Shutdown completed.
2026-04-18 15:31:06.977 [INFO] [restartedMain] [54] Starting KumoApplication using Java 17.0.16 with PID 42859 (/Users/Rainbow_1/IdeaProjects/kumo/target/classes started by pipishrimp in /Users/Rainbow_1/IdeaProjects/kumo)
2026-04-18 15:31:06.977 [DEBUG] [restartedMain] [55] Running with Spring Boot v4.0.5, Spring v7.0.6
2026-04-18 15:31:06.977 [INFO] [restartedMain] [652] No active profile set, falling back to 1 default profile: "default"
2026-04-18 15:31:07.087 [INFO] [restartedMain] [291] Multiple Spring Data modules found, entering strict repository configuration mode
2026-04-18 15:31:07.088 [INFO] [restartedMain] [145] Bootstrapping Spring Data JPA repositories in DEFAULT mode.
2026-04-18 15:31:07.094 [INFO] [restartedMain] [213] Finished Spring Data repository scanning in 5 ms. Found 4 JPA repository interfaces.
2026-04-18 15:31:07.099 [INFO] [restartedMain] [291] Multiple Spring Data modules found, entering strict repository configuration mode
2026-04-18 15:31:07.099 [INFO] [restartedMain] [145] Bootstrapping Spring Data Redis repositories in DEFAULT mode.
2026-04-18 15:31:07.101 [INFO] [restartedMain] [327] Spring Data Redis - Could not safely identify store assignment for repository candidate interface tw.idv.rainbow.web.repository.CampaignsRepository; If you want this repository to be a Redis repository, consider annotating your entities with one of these annotations: org.springframework.data.redis.core.RedisHash (preferred), or consider extending one of the following types with your repository: org.springframework.data.keyvalue.repository.KeyValueRepository
2026-04-18 15:31:07.101 [INFO] [restartedMain] [327] Spring Data Redis - Could not safely identify store assignment for repository candidate interface tw.idv.rainbow.web.repository.ConnectLogsRepository; If you want this repository to be a Redis repository, consider annotating your entities with one of these annotations: org.springframework.data.redis.core.RedisHash (preferred), or consider extending one of the following types with your repository: org.springframework.data.keyvalue.repository.KeyValueRepository
2026-04-18 15:31:07.101 [INFO] [restartedMain] [327] Spring Data Redis - Could not safely identify store assignment for repository candidate interface tw.idv.rainbow.web.repository.DevicesRepository; If you want this repository to be a Redis repository, consider annotating your entities with one of these annotations: org.springframework.data.redis.core.RedisHash (preferred), or consider extending one of the following types with your repository: org.springframework.data.keyvalue.repository.KeyValueRepository
2026-04-18 15:31:07.101 [INFO] [restartedMain] [327] Spring Data Redis - Could not safely identify store assignment for repository candidate interface tw.idv.rainbow.web.repository.StatusRefRepository; If you want this repository to be a Redis repository, consider annotating your entities with one of these annotations: org.springframework.data.redis.core.RedisHash (preferred), or consider extending one of the following types with your repository: org.springframework.data.keyvalue.repository.KeyValueRepository
2026-04-18 15:31:07.101 [INFO] [restartedMain] [213] Finished Spring Data repository scanning in 1 ms. Found 0 Redis repository interfaces.
2026-04-18 15:31:07.156 [INFO] [restartedMain] [114] Tomcat initialized with port 8080 (http)
2026-04-18 15:31:07.156 [INFO] [restartedMain] [168] Starting service [Tomcat]
2026-04-18 15:31:07.156 [INFO] [restartedMain] [168] Starting Servlet engine: [Apache Tomcat/11.0.20]
2026-04-18 15:31:07.162 [INFO] [restartedMain] [77] Root WebApplicationContext: initialization completed in 184 ms
2026-04-18 15:31:07.170 [DEBUG] [restartedMain] [236] Filter 'jwtFilter' configured for use
2026-04-18 15:31:07.182 [INFO] [restartedMain] [109] HikariPool-8 - Starting...
2026-04-18 15:31:07.209 [INFO] [restartedMain] [580] HikariPool-8 - Added connection com.mysql.cj.jdbc.ConnectionImpl@331b4ef
2026-04-18 15:31:07.209 [INFO] [restartedMain] [122] HikariPool-8 - Start completed.
2026-04-18 15:31:07.209 [INFO] [restartedMain] [102] HHH008540: Processing PersistenceUnitInfo [name: default]
2026-04-18 15:31:07.221 [INFO] [restartedMain] [129] No LoadTimeWeaver setup: ignoring JPA class transformer
2026-04-18 15:31:07.222 [WARN] [restartedMain] [152] HHH90000025: MySQLDialect does not need to be specified explicitly using 'hibernate.dialect' (remove the property setting and it will be selected by default)
2026-04-18 15:31:07.223 [INFO] [restartedMain] [179] HHH10001005: Database info:
	Database JDBC URL [jdbc:mysql://localhost:3307/KUMO]
	Database driver: MySQL Connector/J
	Database dialect: MySQLDialect
	Database version: 8.0.36
	Default catalog/schema: KUMO/undefined
	Autocommit mode: undefined/unknown
	Isolation level: REPEATABLE_READ [default REPEATABLE_READ]
	JDBC fetch size: none
	Pool: DataSourceConnectionProvider
	Minimum pool size: undefined/unknown
	Maximum pool size: undefined/unknown
2026-04-18 15:31:07.258 [INFO] [restartedMain] [53] HHH000489: No JTA platform available (set 'hibernate.transaction.jta.platform' to enable JTA platform integration)
2026-04-18 15:31:07.258 [INFO] [restartedMain] [464] Initialized JPA EntityManagerFactory for persistence unit 'default'
2026-04-18 15:31:07.340 [WARN] [restartedMain] [247] spring.jpa.open-in-view is enabled by default. Therefore, database queries may be performed during view rendering. Explicitly configure spring.jpa.open-in-view to disable this warning
2026-04-18 15:31:07.346 [WARN] [restartedMain] [83] 

Using generated security password: e74a0b50-cfd6-4812-9425-454c880f5dfe

This generated password is for development use only. Your security configuration must be updated before running your application in production.

2026-04-18 15:31:07.346 [INFO] [restartedMain] [110] Global AuthenticationManager configured with UserDetailsService bean with name inMemoryUserDetailsManager
2026-04-18 15:31:07.400 [INFO] [restartedMain] [48] Failed to set up a Bean Validation provider: jakarta.validation.NoProviderFoundException: Unable to create a Configuration, because no Jakarta Validation provider could be found. Add a provider like Hibernate Validator (RI) to your classpath.
2026-04-18 15:31:07.449 [INFO] [restartedMain] [117] Starting...
2026-04-18 15:31:07.449 [INFO] [restartedMain] [117] BrokerAvailabilityEvent[available=true, SimpleBrokerMessageHandler [org.springframework.messaging.simp.broker.DefaultSubscriptionRegistry@ef867d5]]
2026-04-18 15:31:07.449 [INFO] [restartedMain] [117] Started.
2026-04-18 15:31:07.450 [INFO] [restartedMain] [240] Tomcat started on port 8080 (http) with context path '/kumo/api'
2026-04-18 15:31:07.451 [INFO] [restartedMain] [60] Started KumoApplication in 0.488 seconds (process running for 644.788)
2026-04-18 15:31:07.452 [INFO] [restartedMain] [66] Condition evaluation unchanged
2026-04-18 15:31:38.295 [INFO] [File Watcher] [214] Restarting due to 1 class path change (0 additions, 0 deletions, 1 modification)
2026-04-18 15:31:38.364 [INFO] [Thread-29] [54] Commencing graceful shutdown. Waiting for active requests to complete
2026-04-18 15:31:38.393 [INFO] [tomcat-shutdown] [76] Graceful shutdown complete
2026-04-18 15:31:38.415 [INFO] [Thread-29] [117] Stopping...
2026-04-18 15:31:38.415 [INFO] [Thread-29] [117] BrokerAvailabilityEvent[available=false, SimpleBrokerMessageHandler [org.springframework.messaging.simp.broker.DefaultSubscriptionRegistry@ef867d5]]
2026-04-18 15:31:38.415 [INFO] [Thread-29] [117] Stopped.
2026-04-18 15:31:38.495 [INFO] [Thread-29] [693] Closing JPA EntityManagerFactory for persistence unit 'default'
2026-04-18 15:31:38.538 [INFO] [Thread-29] [349] HikariPool-8 - Shutdown initiated...
2026-04-18 15:31:38.692 [INFO] [Thread-29] [351] HikariPool-8 - Shutdown completed.
2026-04-18 15:31:39.544 [INFO] [restartedMain] [54] Starting KumoApplication using Java 17.0.16 with PID 42859 (/Users/Rainbow_1/IdeaProjects/kumo/target/classes started by pipishrimp in /Users/Rainbow_1/IdeaProjects/kumo)
2026-04-18 15:31:39.544 [DEBUG] [restartedMain] [55] Running with Spring Boot v4.0.5, Spring v7.0.6
2026-04-18 15:31:39.544 [INFO] [restartedMain] [652] No active profile set, falling back to 1 default profile: "default"
2026-04-18 15:31:39.686 [INFO] [restartedMain] [291] Multiple Spring Data modules found, entering strict repository configuration mode
2026-04-18 15:31:39.686 [INFO] [restartedMain] [145] Bootstrapping Spring Data JPA repositories in DEFAULT mode.
2026-04-18 15:31:39.695 [INFO] [restartedMain] [213] Finished Spring Data repository scanning in 8 ms. Found 4 JPA repository interfaces.
2026-04-18 15:31:39.699 [INFO] [restartedMain] [291] Multiple Spring Data modules found, entering strict repository configuration mode
2026-04-18 15:31:39.699 [INFO] [restartedMain] [145] Bootstrapping Spring Data Redis repositories in DEFAULT mode.
2026-04-18 15:31:39.702 [INFO] [restartedMain] [327] Spring Data Redis - Could not safely identify store assignment for repository candidate interface tw.idv.rainbow.web.repository.CampaignsRepository; If you want this repository to be a Redis repository, consider annotating your entities with one of these annotations: org.springframework.data.redis.core.RedisHash (preferred), or consider extending one of the following types with your repository: org.springframework.data.keyvalue.repository.KeyValueRepository
2026-04-18 15:31:39.702 [INFO] [restartedMain] [327] Spring Data Redis - Could not safely identify store assignment for repository candidate interface tw.idv.rainbow.web.repository.ConnectLogsRepository; If you want this repository to be a Redis repository, consider annotating your entities with one of these annotations: org.springframework.data.redis.core.RedisHash (preferred), or consider extending one of the following types with your repository: org.springframework.data.keyvalue.repository.KeyValueRepository
2026-04-18 15:31:39.702 [INFO] [restartedMain] [327] Spring Data Redis - Could not safely identify store assignment for repository candidate interface tw.idv.rainbow.web.repository.DevicesRepository; If you want this repository to be a Redis repository, consider annotating your entities with one of these annotations: org.springframework.data.redis.core.RedisHash (preferred), or consider extending one of the following types with your repository: org.springframework.data.keyvalue.repository.KeyValueRepository
2026-04-18 15:31:39.702 [INFO] [restartedMain] [327] Spring Data Redis - Could not safely identify store assignment for repository candidate interface tw.idv.rainbow.web.repository.StatusRefRepository; If you want this repository to be a Redis repository, consider annotating your entities with one of these annotations: org.springframework.data.redis.core.RedisHash (preferred), or consider extending one of the following types with your repository: org.springframework.data.keyvalue.repository.KeyValueRepository
2026-04-18 15:31:39.702 [INFO] [restartedMain] [213] Finished Spring Data repository scanning in 1 ms. Found 0 Redis repository interfaces.
2026-04-18 15:31:39.773 [INFO] [restartedMain] [114] Tomcat initialized with port 8080 (http)
2026-04-18 15:31:39.774 [INFO] [restartedMain] [168] Starting service [Tomcat]
2026-04-18 15:31:39.774 [INFO] [restartedMain] [168] Starting Servlet engine: [Apache Tomcat/11.0.20]
2026-04-18 15:31:39.782 [INFO] [restartedMain] [77] Root WebApplicationContext: initialization completed in 234 ms
2026-04-18 15:31:39.798 [DEBUG] [restartedMain] [236] Filter 'jwtFilter' configured for use
2026-04-18 15:31:39.816 [INFO] [restartedMain] [109] HikariPool-9 - Starting...
2026-04-18 15:31:39.880 [INFO] [restartedMain] [580] HikariPool-9 - Added connection com.mysql.cj.jdbc.ConnectionImpl@50129d9a
2026-04-18 15:31:39.880 [INFO] [restartedMain] [122] HikariPool-9 - Start completed.
2026-04-18 15:31:39.881 [INFO] [restartedMain] [102] HHH008540: Processing PersistenceUnitInfo [name: default]
2026-04-18 15:31:39.900 [INFO] [restartedMain] [129] No LoadTimeWeaver setup: ignoring JPA class transformer
2026-04-18 15:31:39.903 [WARN] [restartedMain] [152] HHH90000025: MySQLDialect does not need to be specified explicitly using 'hibernate.dialect' (remove the property setting and it will be selected by default)
2026-04-18 15:31:39.905 [INFO] [restartedMain] [179] HHH10001005: Database info:
	Database JDBC URL [jdbc:mysql://localhost:3307/KUMO]
	Database driver: MySQL Connector/J
	Database dialect: MySQLDialect
	Database version: 8.0.36
	Default catalog/schema: KUMO/undefined
	Autocommit mode: undefined/unknown
	Isolation level: REPEATABLE_READ [default REPEATABLE_READ]
	JDBC fetch size: none
	Pool: DataSourceConnectionProvider
	Minimum pool size: undefined/unknown
	Maximum pool size: undefined/unknown
2026-04-18 15:31:39.959 [INFO] [restartedMain] [53] HHH000489: No JTA platform available (set 'hibernate.transaction.jta.platform' to enable JTA platform integration)
2026-04-18 15:31:39.959 [INFO] [restartedMain] [464] Initialized JPA EntityManagerFactory for persistence unit 'default'
2026-04-18 15:31:40.079 [WARN] [restartedMain] [247] spring.jpa.open-in-view is enabled by default. Therefore, database queries may be performed during view rendering. Explicitly configure spring.jpa.open-in-view to disable this warning
2026-04-18 15:31:40.085 [WARN] [restartedMain] [83] 

Using generated security password: f2a2b7ab-9f8f-425a-8f84-9bcce3cd1805

This generated password is for development use only. Your security configuration must be updated before running your application in production.

2026-04-18 15:31:40.086 [INFO] [restartedMain] [110] Global AuthenticationManager configured with UserDetailsService bean with name inMemoryUserDetailsManager
2026-04-18 15:31:40.141 [INFO] [restartedMain] [48] Failed to set up a Bean Validation provider: jakarta.validation.NoProviderFoundException: Unable to create a Configuration, because no Jakarta Validation provider could be found. Add a provider like Hibernate Validator (RI) to your classpath.
2026-04-18 15:31:40.216 [INFO] [restartedMain] [117] Starting...
2026-04-18 15:31:40.217 [INFO] [restartedMain] [117] BrokerAvailabilityEvent[available=true, SimpleBrokerMessageHandler [org.springframework.messaging.simp.broker.DefaultSubscriptionRegistry@ef0005f]]
2026-04-18 15:31:40.217 [INFO] [restartedMain] [117] Started.
2026-04-18 15:31:40.218 [INFO] [restartedMain] [240] Tomcat started on port 8080 (http) with context path '/kumo/api'
2026-04-18 15:31:40.221 [INFO] [restartedMain] [60] Started KumoApplication in 0.708 seconds (process running for 677.559)
2026-04-18 15:31:40.222 [INFO] [restartedMain] [66] Condition evaluation unchanged
2026-04-18 15:32:25.228 [INFO] [File Watcher] [214] Restarting due to 1 class path change (0 additions, 1 deletion, 0 modifications)
2026-04-18 15:32:25.264 [INFO] [Thread-33] [54] Commencing graceful shutdown. Waiting for active requests to complete
2026-04-18 15:32:25.267 [INFO] [tomcat-shutdown] [76] Graceful shutdown complete
2026-04-18 15:32:25.269 [INFO] [Thread-33] [117] Stopping...
2026-04-18 15:32:25.269 [INFO] [Thread-33] [117] BrokerAvailabilityEvent[available=false, SimpleBrokerMessageHandler [org.springframework.messaging.simp.broker.DefaultSubscriptionRegistry@ef0005f]]
2026-04-18 15:32:25.269 [INFO] [Thread-33] [117] Stopped.
2026-04-18 15:32:25.279 [INFO] [Thread-33] [693] Closing JPA EntityManagerFactory for persistence unit 'default'
2026-04-18 15:32:25.285 [INFO] [Thread-33] [349] HikariPool-9 - Shutdown initiated...
2026-04-18 15:32:25.293 [INFO] [Thread-33] [351] HikariPool-9 - Shutdown completed.
2026-04-18 15:32:25.410 [INFO] [restartedMain] [54] Starting KumoApplication using Java 17.0.16 with PID 42859 (/Users/Rainbow_1/IdeaProjects/kumo/target/classes started by pipishrimp in /Users/Rainbow_1/IdeaProjects/kumo)
2026-04-18 15:32:25.410 [DEBUG] [restartedMain] [55] Running with Spring Boot v4.0.5, Spring v7.0.6
2026-04-18 15:32:25.410 [INFO] [restartedMain] [652] No active profile set, falling back to 1 default profile: "default"
2026-04-18 15:32:25.561 [INFO] [restartedMain] [291] Multiple Spring Data modules found, entering strict repository configuration mode
2026-04-18 15:32:25.561 [INFO] [restartedMain] [145] Bootstrapping Spring Data JPA repositories in DEFAULT mode.
2026-04-18 15:32:25.570 [INFO] [restartedMain] [213] Finished Spring Data repository scanning in 7 ms. Found 4 JPA repository interfaces.
2026-04-18 15:32:25.575 [INFO] [restartedMain] [291] Multiple Spring Data modules found, entering strict repository configuration mode
2026-04-18 15:32:25.575 [INFO] [restartedMain] [145] Bootstrapping Spring Data Redis repositories in DEFAULT mode.
2026-04-18 15:32:25.578 [INFO] [restartedMain] [327] Spring Data Redis - Could not safely identify store assignment for repository candidate interface tw.idv.rainbow.web.repository.CampaignsRepository; If you want this repository to be a Redis repository, consider annotating your entities with one of these annotations: org.springframework.data.redis.core.RedisHash (preferred), or consider extending one of the following types with your repository: org.springframework.data.keyvalue.repository.KeyValueRepository
2026-04-18 15:32:25.578 [INFO] [restartedMain] [327] Spring Data Redis - Could not safely identify store assignment for repository candidate interface tw.idv.rainbow.web.repository.ConnectLogsRepository; If you want this repository to be a Redis repository, consider annotating your entities with one of these annotations: org.springframework.data.redis.core.RedisHash (preferred), or consider extending one of the following types with your repository: org.springframework.data.keyvalue.repository.KeyValueRepository
2026-04-18 15:32:25.578 [INFO] [restartedMain] [327] Spring Data Redis - Could not safely identify store assignment for repository candidate interface tw.idv.rainbow.web.repository.DevicesRepository; If you want this repository to be a Redis repository, consider annotating your entities with one of these annotations: org.springframework.data.redis.core.RedisHash (preferred), or consider extending one of the following types with your repository: org.springframework.data.keyvalue.repository.KeyValueRepository
2026-04-18 15:32:25.578 [INFO] [restartedMain] [327] Spring Data Redis - Could not safely identify store assignment for repository candidate interface tw.idv.rainbow.web.repository.StatusRefRepository; If you want this repository to be a Redis repository, consider annotating your entities with one of these annotations: org.springframework.data.redis.core.RedisHash (preferred), or consider extending one of the following types with your repository: org.springframework.data.keyvalue.repository.KeyValueRepository
2026-04-18 15:32:25.578 [INFO] [restartedMain] [213] Finished Spring Data repository scanning in 2 ms. Found 0 Redis repository interfaces.
2026-04-18 15:32:25.644 [INFO] [restartedMain] [114] Tomcat initialized with port 8080 (http)
2026-04-18 15:32:25.644 [INFO] [restartedMain] [168] Starting service [Tomcat]
2026-04-18 15:32:25.644 [INFO] [restartedMain] [168] Starting Servlet engine: [Apache Tomcat/11.0.20]
2026-04-18 15:32:25.652 [INFO] [restartedMain] [77] Root WebApplicationContext: initialization completed in 241 ms
2026-04-18 15:32:25.663 [DEBUG] [restartedMain] [236] Filter 'jwtFilter' configured for use
2026-04-18 15:32:25.675 [INFO] [restartedMain] [109] HikariPool-10 - Starting...
2026-04-18 15:32:25.701 [INFO] [restartedMain] [580] HikariPool-10 - Added connection com.mysql.cj.jdbc.ConnectionImpl@1e4d31c5
2026-04-18 15:32:25.701 [INFO] [restartedMain] [122] HikariPool-10 - Start completed.
2026-04-18 15:32:25.702 [INFO] [restartedMain] [102] HHH008540: Processing PersistenceUnitInfo [name: default]
2026-04-18 15:32:25.716 [INFO] [restartedMain] [129] No LoadTimeWeaver setup: ignoring JPA class transformer
2026-04-18 15:32:25.719 [WARN] [restartedMain] [152] HHH90000025: MySQLDialect does not need to be specified explicitly using 'hibernate.dialect' (remove the property setting and it will be selected by default)
2026-04-18 15:32:25.720 [INFO] [restartedMain] [179] HHH10001005: Database info:
	Database JDBC URL [jdbc:mysql://localhost:3307/KUMO]
	Database driver: MySQL Connector/J
	Database dialect: MySQLDialect
	Database version: 8.0.36
	Default catalog/schema: KUMO/undefined
	Autocommit mode: undefined/unknown
	Isolation level: REPEATABLE_READ [default REPEATABLE_READ]
	JDBC fetch size: none
	Pool: DataSourceConnectionProvider
	Minimum pool size: undefined/unknown
	Maximum pool size: undefined/unknown
2026-04-18 15:32:25.765 [INFO] [restartedMain] [53] HHH000489: No JTA platform available (set 'hibernate.transaction.jta.platform' to enable JTA platform integration)
2026-04-18 15:32:25.766 [INFO] [restartedMain] [464] Initialized JPA EntityManagerFactory for persistence unit 'default'
2026-04-18 15:32:25.893 [WARN] [restartedMain] [247] spring.jpa.open-in-view is enabled by default. Therefore, database queries may be performed during view rendering. Explicitly configure spring.jpa.open-in-view to disable this warning
2026-04-18 15:32:25.899 [WARN] [restartedMain] [83] 

Using generated security password: 0b1307ca-735f-4630-af39-b468d04b2da2

This generated password is for development use only. Your security configuration must be updated before running your application in production.

2026-04-18 15:32:25.900 [INFO] [restartedMain] [110] Global AuthenticationManager configured with UserDetailsService bean with name inMemoryUserDetailsManager
2026-04-18 15:32:25.980 [INFO] [restartedMain] [48] Failed to set up a Bean Validation provider: jakarta.validation.NoProviderFoundException: Unable to create a Configuration, because no Jakarta Validation provider could be found. Add a provider like Hibernate Validator (RI) to your classpath.
2026-04-18 15:32:26.122 [INFO] [restartedMain] [117] Starting...
2026-04-18 15:32:26.122 [INFO] [restartedMain] [117] BrokerAvailabilityEvent[available=true, SimpleBrokerMessageHandler [org.springframework.messaging.simp.broker.DefaultSubscriptionRegistry@32ec9ba5]]
2026-04-18 15:32:26.122 [INFO] [restartedMain] [117] Started.
2026-04-18 15:32:26.123 [INFO] [restartedMain] [240] Tomcat started on port 8080 (http) with context path '/kumo/api'
2026-04-18 15:32:26.124 [INFO] [restartedMain] [60] Started KumoApplication in 0.731 seconds (process running for 723.463)
2026-04-18 15:32:26.125 [INFO] [restartedMain] [66] Condition evaluation unchanged
2026-04-18 15:32:27.533 [INFO] [File Watcher] [214] Restarting due to 1 class path change (1 addition, 0 deletions, 0 modifications)
2026-04-18 15:32:27.540 [INFO] [Thread-37] [54] Commencing graceful shutdown. Waiting for active requests to complete
2026-04-18 15:32:27.548 [INFO] [tomcat-shutdown] [76] Graceful shutdown complete
2026-04-18 15:32:27.550 [INFO] [Thread-37] [117] Stopping...
2026-04-18 15:32:27.550 [INFO] [Thread-37] [117] BrokerAvailabilityEvent[available=false, SimpleBrokerMessageHandler [org.springframework.messaging.simp.broker.DefaultSubscriptionRegistry@32ec9ba5]]
2026-04-18 15:32:27.550 [INFO] [Thread-37] [117] Stopped.
2026-04-18 15:32:27.556 [INFO] [Thread-37] [693] Closing JPA EntityManagerFactory for persistence unit 'default'
2026-04-18 15:32:27.557 [INFO] [Thread-37] [349] HikariPool-10 - Shutdown initiated...
2026-04-18 15:32:27.562 [INFO] [Thread-37] [351] HikariPool-10 - Shutdown completed.
2026-04-18 15:32:27.685 [INFO] [restartedMain] [54] Starting KumoApplication using Java 17.0.16 with PID 42859 (/Users/Rainbow_1/IdeaProjects/kumo/target/classes started by pipishrimp in /Users/Rainbow_1/IdeaProjects/kumo)
2026-04-18 15:32:27.685 [DEBUG] [restartedMain] [55] Running with Spring Boot v4.0.5, Spring v7.0.6
2026-04-18 15:32:27.685 [INFO] [restartedMain] [652] No active profile set, falling back to 1 default profile: "default"
2026-04-18 15:32:27.980 [INFO] [restartedMain] [291] Multiple Spring Data modules found, entering strict repository configuration mode
2026-04-18 15:32:27.981 [INFO] [restartedMain] [145] Bootstrapping Spring Data JPA repositories in DEFAULT mode.
2026-04-18 15:32:28.000 [INFO] [restartedMain] [213] Finished Spring Data repository scanning in 18 ms. Found 4 JPA repository interfaces.
2026-04-18 15:32:28.010 [INFO] [restartedMain] [291] Multiple Spring Data modules found, entering strict repository configuration mode
2026-04-18 15:32:28.010 [INFO] [restartedMain] [145] Bootstrapping Spring Data Redis repositories in DEFAULT mode.
2026-04-18 15:32:28.012 [INFO] [restartedMain] [327] Spring Data Redis - Could not safely identify store assignment for repository candidate interface tw.idv.rainbow.web.repository.CampaignsRepository; If you want this repository to be a Redis repository, consider annotating your entities with one of these annotations: org.springframework.data.redis.core.RedisHash (preferred), or consider extending one of the following types with your repository: org.springframework.data.keyvalue.repository.KeyValueRepository
2026-04-18 15:32:28.013 [INFO] [restartedMain] [327] Spring Data Redis - Could not safely identify store assignment for repository candidate interface tw.idv.rainbow.web.repository.ConnectLogsRepository; If you want this repository to be a Redis repository, consider annotating your entities with one of these annotations: org.springframework.data.redis.core.RedisHash (preferred), or consider extending one of the following types with your repository: org.springframework.data.keyvalue.repository.KeyValueRepository
2026-04-18 15:32:28.013 [INFO] [restartedMain] [327] Spring Data Redis - Could not safely identify store assignment for repository candidate interface tw.idv.rainbow.web.repository.DevicesRepository; If you want this repository to be a Redis repository, consider annotating your entities with one of these annotations: org.springframework.data.redis.core.RedisHash (preferred), or consider extending one of the following types with your repository: org.springframework.data.keyvalue.repository.KeyValueRepository
2026-04-18 15:32:28.013 [INFO] [restartedMain] [327] Spring Data Redis - Could not safely identify store assignment for repository candidate interface tw.idv.rainbow.web.repository.StatusRefRepository; If you want this repository to be a Redis repository, consider annotating your entities with one of these annotations: org.springframework.data.redis.core.RedisHash (preferred), or consider extending one of the following types with your repository: org.springframework.data.keyvalue.repository.KeyValueRepository
2026-04-18 15:32:28.013 [INFO] [restartedMain] [213] Finished Spring Data repository scanning in 1 ms. Found 0 Redis repository interfaces.
2026-04-18 15:32:28.258 [INFO] [restartedMain] [114] Tomcat initialized with port 8080 (http)
2026-04-18 15:32:28.265 [INFO] [restartedMain] [168] Starting service [Tomcat]
2026-04-18 15:32:28.267 [INFO] [restartedMain] [168] Starting Servlet engine: [Apache Tomcat/11.0.20]
2026-04-18 15:32:28.316 [INFO] [restartedMain] [77] Root WebApplicationContext: initialization completed in 627 ms
2026-04-18 15:32:28.371 [DEBUG] [restartedMain] [236] Filter 'jwtFilter' configured for use
2026-04-18 15:32:28.404 [INFO] [restartedMain] [109] HikariPool-11 - Starting...
2026-04-18 15:32:28.479 [INFO] [restartedMain] [580] HikariPool-11 - Added connection com.mysql.cj.jdbc.ConnectionImpl@671e20d4
2026-04-18 15:32:28.480 [INFO] [restartedMain] [122] HikariPool-11 - Start completed.
2026-04-18 15:32:28.483 [INFO] [restartedMain] [102] HHH008540: Processing PersistenceUnitInfo [name: default]
2026-04-18 15:32:28.551 [INFO] [restartedMain] [129] No LoadTimeWeaver setup: ignoring JPA class transformer
2026-04-18 15:32:28.568 [WARN] [restartedMain] [152] HHH90000025: MySQLDialect does not need to be specified explicitly using 'hibernate.dialect' (remove the property setting and it will be selected by default)
2026-04-18 15:32:28.573 [INFO] [restartedMain] [179] HHH10001005: Database info:
	Database JDBC URL [jdbc:mysql://localhost:3307/KUMO]
	Database driver: MySQL Connector/J
	Database dialect: MySQLDialect
	Database version: 8.0.36
	Default catalog/schema: KUMO/undefined
	Autocommit mode: undefined/unknown
	Isolation level: REPEATABLE_READ [default REPEATABLE_READ]
	JDBC fetch size: none
	Pool: DataSourceConnectionProvider
	Minimum pool size: undefined/unknown
	Maximum pool size: undefined/unknown
2026-04-18 15:32:29.320 [INFO] [restartedMain] [53] HHH000489: No JTA platform available (set 'hibernate.transaction.jta.platform' to enable JTA platform integration)
2026-04-18 15:32:29.323 [INFO] [restartedMain] [464] Initialized JPA EntityManagerFactory for persistence unit 'default'
2026-04-18 15:32:29.643 [WARN] [restartedMain] [247] spring.jpa.open-in-view is enabled by default. Therefore, database queries may be performed during view rendering. Explicitly configure spring.jpa.open-in-view to disable this warning
2026-04-18 15:32:29.679 [WARN] [restartedMain] [83] 

Using generated security password: af6281ec-f0cf-4971-87ff-3d3cf9da34ba

This generated password is for development use only. Your security configuration must be updated before running your application in production.

2026-04-18 15:32:29.683 [INFO] [restartedMain] [110] Global AuthenticationManager configured with UserDetailsService bean with name inMemoryUserDetailsManager
2026-04-18 15:32:29.862 [INFO] [restartedMain] [48] Failed to set up a Bean Validation provider: jakarta.validation.NoProviderFoundException: Unable to create a Configuration, because no Jakarta Validation provider could be found. Add a provider like Hibernate Validator (RI) to your classpath.
2026-04-18 15:32:29.927 [INFO] [restartedMain] [117] Starting...
2026-04-18 15:32:29.927 [INFO] [restartedMain] [117] BrokerAvailabilityEvent[available=true, SimpleBrokerMessageHandler [org.springframework.messaging.simp.broker.DefaultSubscriptionRegistry@3fbbe164]]
2026-04-18 15:32:29.927 [INFO] [restartedMain] [117] Started.
2026-04-18 15:32:29.928 [INFO] [restartedMain] [240] Tomcat started on port 8080 (http) with context path '/kumo/api'
2026-04-18 15:32:29.930 [INFO] [restartedMain] [60] Started KumoApplication in 2.277 seconds (process running for 727.269)
2026-04-18 15:32:29.931 [INFO] [restartedMain] [66] Condition evaluation unchanged
2026-04-18 15:33:14.846 [INFO] [File Watcher] [214] Restarting due to 2 class path changes (0 additions, 2 deletions, 0 modifications)
2026-04-18 15:33:14.873 [INFO] [Thread-41] [54] Commencing graceful shutdown. Waiting for active requests to complete
2026-04-18 15:33:14.882 [INFO] [tomcat-shutdown] [76] Graceful shutdown complete
2026-04-18 15:33:14.887 [INFO] [Thread-41] [117] Stopping...
2026-04-18 15:33:14.887 [INFO] [Thread-41] [117] BrokerAvailabilityEvent[available=false, SimpleBrokerMessageHandler [org.springframework.messaging.simp.broker.DefaultSubscriptionRegistry@3fbbe164]]
2026-04-18 15:33:14.888 [INFO] [Thread-41] [117] Stopped.
2026-04-18 15:33:14.904 [INFO] [Thread-41] [693] Closing JPA EntityManagerFactory for persistence unit 'default'
2026-04-18 15:33:14.912 [INFO] [Thread-41] [349] HikariPool-11 - Shutdown initiated...
2026-04-18 15:33:14.927 [INFO] [Thread-41] [351] HikariPool-11 - Shutdown completed.
2026-04-18 15:33:15.175 [INFO] [restartedMain] [54] Starting KumoApplication using Java 17.0.16 with PID 42859 (/Users/Rainbow_1/IdeaProjects/kumo/target/classes started by pipishrimp in /Users/Rainbow_1/IdeaProjects/kumo)
2026-04-18 15:33:15.175 [DEBUG] [restartedMain] [55] Running with Spring Boot v4.0.5, Spring v7.0.6
2026-04-18 15:33:15.175 [INFO] [restartedMain] [652] No active profile set, falling back to 1 default profile: "default"
2026-04-18 15:33:15.347 [INFO] [restartedMain] [291] Multiple Spring Data modules found, entering strict repository configuration mode
2026-04-18 15:33:15.348 [INFO] [restartedMain] [145] Bootstrapping Spring Data JPA repositories in DEFAULT mode.
2026-04-18 15:33:15.371 [INFO] [restartedMain] [213] Finished Spring Data repository scanning in 20 ms. Found 4 JPA repository interfaces.
2026-04-18 15:33:15.391 [INFO] [restartedMain] [291] Multiple Spring Data modules found, entering strict repository configuration mode
2026-04-18 15:33:15.391 [INFO] [restartedMain] [145] Bootstrapping Spring Data Redis repositories in DEFAULT mode.
2026-04-18 15:33:15.406 [INFO] [restartedMain] [327] Spring Data Redis - Could not safely identify store assignment for repository candidate interface tw.idv.rainbow.web.repository.CampaignsRepository; If you want this repository to be a Redis repository, consider annotating your entities with one of these annotations: org.springframework.data.redis.core.RedisHash (preferred), or consider extending one of the following types with your repository: org.springframework.data.keyvalue.repository.KeyValueRepository
2026-04-18 15:33:15.407 [INFO] [restartedMain] [327] Spring Data Redis - Could not safely identify store assignment for repository candidate interface tw.idv.rainbow.web.repository.ConnectLogsRepository; If you want this repository to be a Redis repository, consider annotating your entities with one of these annotations: org.springframework.data.redis.core.RedisHash (preferred), or consider extending one of the following types with your repository: org.springframework.data.keyvalue.repository.KeyValueRepository
2026-04-18 15:33:15.407 [INFO] [restartedMain] [327] Spring Data Redis - Could not safely identify store assignment for repository candidate interface tw.idv.rainbow.web.repository.DevicesRepository; If you want this repository to be a Redis repository, consider annotating your entities with one of these annotations: org.springframework.data.redis.core.RedisHash (preferred), or consider extending one of the following types with your repository: org.springframework.data.keyvalue.repository.KeyValueRepository
2026-04-18 15:33:15.407 [INFO] [restartedMain] [327] Spring Data Redis - Could not safely identify store assignment for repository candidate interface tw.idv.rainbow.web.repository.StatusRefRepository; If you want this repository to be a Redis repository, consider annotating your entities with one of these annotations: org.springframework.data.redis.core.RedisHash (preferred), or consider extending one of the following types with your repository: org.springframework.data.keyvalue.repository.KeyValueRepository
2026-04-18 15:33:15.408 [INFO] [restartedMain] [213] Finished Spring Data repository scanning in 9 ms. Found 0 Redis repository interfaces.
2026-04-18 15:33:15.718 [INFO] [restartedMain] [114] Tomcat initialized with port 8080 (http)
2026-04-18 15:33:15.719 [INFO] [restartedMain] [168] Starting service [Tomcat]
2026-04-18 15:33:15.720 [INFO] [restartedMain] [168] Starting Servlet engine: [Apache Tomcat/11.0.20]
2026-04-18 15:33:15.738 [INFO] [restartedMain] [77] Root WebApplicationContext: initialization completed in 562 ms
2026-04-18 15:33:15.771 [DEBUG] [restartedMain] [236] Filter 'jwtFilter' configured for use
2026-04-18 15:33:15.829 [INFO] [restartedMain] [109] HikariPool-12 - Starting...
2026-04-18 15:33:15.894 [INFO] [restartedMain] [580] HikariPool-12 - Added connection com.mysql.cj.jdbc.ConnectionImpl@2a5128e9
2026-04-18 15:33:15.895 [INFO] [restartedMain] [122] HikariPool-12 - Start completed.
2026-04-18 15:33:15.897 [INFO] [restartedMain] [102] HHH008540: Processing PersistenceUnitInfo [name: default]
2026-04-18 15:33:15.947 [INFO] [restartedMain] [129] No LoadTimeWeaver setup: ignoring JPA class transformer
2026-04-18 15:33:15.951 [WARN] [restartedMain] [152] HHH90000025: MySQLDialect does not need to be specified explicitly using 'hibernate.dialect' (remove the property setting and it will be selected by default)
2026-04-18 15:33:15.954 [INFO] [restartedMain] [179] HHH10001005: Database info:
	Database JDBC URL [jdbc:mysql://localhost:3307/KUMO]
	Database driver: MySQL Connector/J
	Database dialect: MySQLDialect
	Database version: 8.0.36
	Default catalog/schema: KUMO/undefined
	Autocommit mode: undefined/unknown
	Isolation level: REPEATABLE_READ [default REPEATABLE_READ]
	JDBC fetch size: none
	Pool: DataSourceConnectionProvider
	Minimum pool size: undefined/unknown
	Maximum pool size: undefined/unknown
2026-04-18 15:33:16.182 [INFO] [restartedMain] [53] HHH000489: No JTA platform available (set 'hibernate.transaction.jta.platform' to enable JTA platform integration)
2026-04-18 15:33:16.188 [INFO] [restartedMain] [464] Initialized JPA EntityManagerFactory for persistence unit 'default'
2026-04-18 15:33:16.353 [WARN] [restartedMain] [247] spring.jpa.open-in-view is enabled by default. Therefore, database queries may be performed during view rendering. Explicitly configure spring.jpa.open-in-view to disable this warning
2026-04-18 15:33:16.371 [WARN] [restartedMain] [83] 

Using generated security password: 3cbd2404-c29a-433d-9737-829f3871bf20

This generated password is for development use only. Your security configuration must be updated before running your application in production.

2026-04-18 15:33:16.372 [INFO] [restartedMain] [110] Global AuthenticationManager configured with UserDetailsService bean with name inMemoryUserDetailsManager
2026-04-18 15:33:16.450 [INFO] [restartedMain] [48] Failed to set up a Bean Validation provider: jakarta.validation.NoProviderFoundException: Unable to create a Configuration, because no Jakarta Validation provider could be found. Add a provider like Hibernate Validator (RI) to your classpath.
2026-04-18 15:33:16.517 [INFO] [restartedMain] [117] Starting...
2026-04-18 15:33:16.517 [INFO] [restartedMain] [117] BrokerAvailabilityEvent[available=true, SimpleBrokerMessageHandler [org.springframework.messaging.simp.broker.DefaultSubscriptionRegistry@1137d407]]
2026-04-18 15:33:16.518 [INFO] [restartedMain] [117] Started.
2026-04-18 15:33:16.519 [INFO] [restartedMain] [240] Tomcat started on port 8080 (http) with context path '/kumo/api'
2026-04-18 15:33:16.522 [INFO] [restartedMain] [60] Started KumoApplication in 1.369 seconds (process running for 773.862)
2026-04-18 15:33:16.523 [INFO] [restartedMain] [66] Condition evaluation unchanged
2026-04-18 15:33:17.929 [INFO] [File Watcher] [214] Restarting due to 2 class path changes (2 additions, 0 deletions, 0 modifications)
2026-04-18 15:33:17.956 [INFO] [Thread-45] [54] Commencing graceful shutdown. Waiting for active requests to complete
2026-04-18 15:33:17.968 [INFO] [tomcat-shutdown] [76] Graceful shutdown complete
2026-04-18 15:33:17.974 [INFO] [Thread-45] [117] Stopping...
2026-04-18 15:33:17.975 [INFO] [Thread-45] [117] BrokerAvailabilityEvent[available=false, SimpleBrokerMessageHandler [org.springframework.messaging.simp.broker.DefaultSubscriptionRegistry@1137d407]]
2026-04-18 15:33:17.975 [INFO] [Thread-45] [117] Stopped.
2026-04-18 15:33:17.993 [INFO] [Thread-45] [693] Closing JPA EntityManagerFactory for persistence unit 'default'
2026-04-18 15:33:17.997 [INFO] [Thread-45] [349] HikariPool-12 - Shutdown initiated...
2026-04-18 15:33:18.015 [INFO] [Thread-45] [351] HikariPool-12 - Shutdown completed.
2026-04-18 15:33:18.173 [INFO] [restartedMain] [54] Starting KumoApplication using Java 17.0.16 with PID 42859 (/Users/Rainbow_1/IdeaProjects/kumo/target/classes started by pipishrimp in /Users/Rainbow_1/IdeaProjects/kumo)
2026-04-18 15:33:18.173 [DEBUG] [restartedMain] [55] Running with Spring Boot v4.0.5, Spring v7.0.6
2026-04-18 15:33:18.173 [INFO] [restartedMain] [652] No active profile set, falling back to 1 default profile: "default"
2026-04-18 15:33:18.280 [INFO] [restartedMain] [291] Multiple Spring Data modules found, entering strict repository configuration mode
2026-04-18 15:33:18.280 [INFO] [restartedMain] [145] Bootstrapping Spring Data JPA repositories in DEFAULT mode.
2026-04-18 15:33:18.285 [INFO] [restartedMain] [213] Finished Spring Data repository scanning in 4 ms. Found 4 JPA repository interfaces.
2026-04-18 15:33:18.288 [INFO] [restartedMain] [291] Multiple Spring Data modules found, entering strict repository configuration mode
2026-04-18 15:33:18.288 [INFO] [restartedMain] [145] Bootstrapping Spring Data Redis repositories in DEFAULT mode.
2026-04-18 15:33:18.290 [INFO] [restartedMain] [327] Spring Data Redis - Could not safely identify store assignment for repository candidate interface tw.idv.rainbow.web.repository.CampaignsRepository; If you want this repository to be a Redis repository, consider annotating your entities with one of these annotations: org.springframework.data.redis.core.RedisHash (preferred), or consider extending one of the following types with your repository: org.springframework.data.keyvalue.repository.KeyValueRepository
2026-04-18 15:33:18.290 [INFO] [restartedMain] [327] Spring Data Redis - Could not safely identify store assignment for repository candidate interface tw.idv.rainbow.web.repository.ConnectLogsRepository; If you want this repository to be a Redis repository, consider annotating your entities with one of these annotations: org.springframework.data.redis.core.RedisHash (preferred), or consider extending one of the following types with your repository: org.springframework.data.keyvalue.repository.KeyValueRepository
2026-04-18 15:33:18.290 [INFO] [restartedMain] [327] Spring Data Redis - Could not safely identify store assignment for repository candidate interface tw.idv.rainbow.web.repository.DevicesRepository; If you want this repository to be a Redis repository, consider annotating your entities with one of these annotations: org.springframework.data.redis.core.RedisHash (preferred), or consider extending one of the following types with your repository: org.springframework.data.keyvalue.repository.KeyValueRepository
2026-04-18 15:33:18.290 [INFO] [restartedMain] [327] Spring Data Redis - Could not safely identify store assignment for repository candidate interface tw.idv.rainbow.web.repository.StatusRefRepository; If you want this repository to be a Redis repository, consider annotating your entities with one of these annotations: org.springframework.data.redis.core.RedisHash (preferred), or consider extending one of the following types with your repository: org.springframework.data.keyvalue.repository.KeyValueRepository
2026-04-18 15:33:18.290 [INFO] [restartedMain] [213] Finished Spring Data repository scanning in 1 ms. Found 0 Redis repository interfaces.
2026-04-18 15:33:18.338 [INFO] [restartedMain] [114] Tomcat initialized with port 8080 (http)
2026-04-18 15:33:18.338 [INFO] [restartedMain] [168] Starting service [Tomcat]
2026-04-18 15:33:18.338 [INFO] [restartedMain] [168] Starting Servlet engine: [Apache Tomcat/11.0.20]
2026-04-18 15:33:18.345 [INFO] [restartedMain] [77] Root WebApplicationContext: initialization completed in 171 ms
2026-04-18 15:33:18.353 [DEBUG] [restartedMain] [236] Filter 'jwtFilter' configured for use
2026-04-18 15:33:18.365 [INFO] [restartedMain] [109] HikariPool-13 - Starting...
2026-04-18 15:33:18.387 [INFO] [restartedMain] [580] HikariPool-13 - Added connection com.mysql.cj.jdbc.ConnectionImpl@37ce88a8
2026-04-18 15:33:18.387 [INFO] [restartedMain] [122] HikariPool-13 - Start completed.
2026-04-18 15:33:18.388 [INFO] [restartedMain] [102] HHH008540: Processing PersistenceUnitInfo [name: default]
2026-04-18 15:33:18.399 [INFO] [restartedMain] [129] No LoadTimeWeaver setup: ignoring JPA class transformer
2026-04-18 15:33:18.400 [WARN] [restartedMain] [152] HHH90000025: MySQLDialect does not need to be specified explicitly using 'hibernate.dialect' (remove the property setting and it will be selected by default)
2026-04-18 15:33:18.401 [INFO] [restartedMain] [179] HHH10001005: Database info:
	Database JDBC URL [jdbc:mysql://localhost:3307/KUMO]
	Database driver: MySQL Connector/J
	Database dialect: MySQLDialect
	Database version: 8.0.36
	Default catalog/schema: KUMO/undefined
	Autocommit mode: undefined/unknown
	Isolation level: REPEATABLE_READ [default REPEATABLE_READ]
	JDBC fetch size: none
	Pool: DataSourceConnectionProvider
	Minimum pool size: undefined/unknown
	Maximum pool size: undefined/unknown
2026-04-18 15:33:18.445 [INFO] [restartedMain] [53] HHH000489: No JTA platform available (set 'hibernate.transaction.jta.platform' to enable JTA platform integration)
2026-04-18 15:33:18.446 [INFO] [restartedMain] [464] Initialized JPA EntityManagerFactory for persistence unit 'default'
2026-04-18 15:33:18.531 [WARN] [restartedMain] [247] spring.jpa.open-in-view is enabled by default. Therefore, database queries may be performed during view rendering. Explicitly configure spring.jpa.open-in-view to disable this warning
2026-04-18 15:33:18.536 [WARN] [restartedMain] [83] 

Using generated security password: e39c7b56-ec82-47ce-beb9-c6bd47fba192

This generated password is for development use only. Your security configuration must be updated before running your application in production.

2026-04-18 15:33:18.537 [INFO] [restartedMain] [110] Global AuthenticationManager configured with UserDetailsService bean with name inMemoryUserDetailsManager
2026-04-18 15:33:18.585 [INFO] [restartedMain] [48] Failed to set up a Bean Validation provider: jakarta.validation.NoProviderFoundException: Unable to create a Configuration, because no Jakarta Validation provider could be found. Add a provider like Hibernate Validator (RI) to your classpath.
2026-04-18 15:33:18.640 [INFO] [restartedMain] [117] Starting...
2026-04-18 15:33:18.640 [INFO] [restartedMain] [117] BrokerAvailabilityEvent[available=true, SimpleBrokerMessageHandler [org.springframework.messaging.simp.broker.DefaultSubscriptionRegistry@41ad8673]]
2026-04-18 15:33:18.640 [INFO] [restartedMain] [117] Started.
2026-04-18 15:33:18.641 [INFO] [restartedMain] [240] Tomcat started on port 8080 (http) with context path '/kumo/api'
2026-04-18 15:33:18.643 [INFO] [restartedMain] [60] Started KumoApplication in 0.489 seconds (process running for 775.983)
2026-04-18 15:33:18.644 [INFO] [restartedMain] [66] Condition evaluation unchanged
2026-04-18 15:34:18.641 [INFO] [MessageBroker-1] [147] WebSocketSession[0 current WS(0)-HttpStream(0)-HttpPoll(0), 0 total, 0 closed abnormally (0 connect failure, 0 send limit, 0 transport error)], stompSubProtocol[processed CONNECT(0)-CONNECTED(0)-DISCONNECT(0)], stompBrokerRelay[null], inboundChannel[pool size = 0, active threads = 0, queued tasks = 0, completed tasks = 0], outboundChannel[pool size = 0, active threads = 0, queued tasks = 0, completed tasks = 0], sockJsScheduler[pool size = 1, active threads = 1, queued tasks = 0, completed tasks = 0]
2026-04-18 15:36:59.672 [INFO] [SpringApplicationShutdownHook] [54] Commencing graceful shutdown. Waiting for active requests to complete
2026-04-18 15:36:59.677 [INFO] [tomcat-shutdown] [76] Graceful shutdown complete
2026-04-18 15:36:59.678 [INFO] [SpringApplicationShutdownHook] [117] Stopping...
2026-04-18 15:36:59.678 [INFO] [SpringApplicationShutdownHook] [117] BrokerAvailabilityEvent[available=false, SimpleBrokerMessageHandler [org.springframework.messaging.simp.broker.DefaultSubscriptionRegistry@41ad8673]]
2026-04-18 15:36:59.678 [INFO] [SpringApplicationShutdownHook] [117] Stopped.
2026-04-18 15:36:59.683 [INFO] [SpringApplicationShutdownHook] [693] Closing JPA EntityManagerFactory for persistence unit 'default'
2026-04-18 15:36:59.685 [INFO] [SpringApplicationShutdownHook] [349] HikariPool-13 - Shutdown initiated...
2026-04-18 15:36:59.700 [INFO] [SpringApplicationShutdownHook] [351] HikariPool-13 - Shutdown completed.
2026-04-18 15:37:04.972 [INFO] [restartedMain] [54] Starting KumoApplication using Java 17.0.16 with PID 44578 (/Users/Rainbow_1/IdeaProjects/kumo/target/classes started by pipishrimp in /Users/Rainbow_1/IdeaProjects/kumo)
2026-04-18 15:37:04.974 [DEBUG] [restartedMain] [55] Running with Spring Boot v4.0.5, Spring v7.0.6
2026-04-18 15:37:04.975 [INFO] [restartedMain] [652] No active profile set, falling back to 1 default profile: "default"
2026-04-18 15:37:05.002 [INFO] [restartedMain] [69] Devtools property defaults active! Set 'spring.devtools.add-properties' to 'false' to disable
2026-04-18 15:37:05.002 [INFO] [restartedMain] [69] For additional web related logging consider setting the 'logging.level.web' property to 'DEBUG'
2026-04-18 15:37:05.508 [INFO] [restartedMain] [291] Multiple Spring Data modules found, entering strict repository configuration mode
2026-04-18 15:37:05.509 [INFO] [restartedMain] [145] Bootstrapping Spring Data JPA repositories in DEFAULT mode.
2026-04-18 15:37:05.584 [INFO] [restartedMain] [213] Finished Spring Data repository scanning in 70 ms. Found 4 JPA repository interfaces.
2026-04-18 15:37:05.622 [INFO] [restartedMain] [291] Multiple Spring Data modules found, entering strict repository configuration mode
2026-04-18 15:37:05.623 [INFO] [restartedMain] [145] Bootstrapping Spring Data Redis repositories in DEFAULT mode.
2026-04-18 15:37:05.632 [INFO] [restartedMain] [327] Spring Data Redis - Could not safely identify store assignment for repository candidate interface tw.idv.rainbow.web.repository.CampaignsRepository; If you want this repository to be a Redis repository, consider annotating your entities with one of these annotations: org.springframework.data.redis.core.RedisHash (preferred), or consider extending one of the following types with your repository: org.springframework.data.keyvalue.repository.KeyValueRepository
2026-04-18 15:37:05.632 [INFO] [restartedMain] [327] Spring Data Redis - Could not safely identify store assignment for repository candidate interface tw.idv.rainbow.web.repository.ConnectLogsRepository; If you want this repository to be a Redis repository, consider annotating your entities with one of these annotations: org.springframework.data.redis.core.RedisHash (preferred), or consider extending one of the following types with your repository: org.springframework.data.keyvalue.repository.KeyValueRepository
2026-04-18 15:37:05.632 [INFO] [restartedMain] [327] Spring Data Redis - Could not safely identify store assignment for repository candidate interface tw.idv.rainbow.web.repository.DevicesRepository; If you want this repository to be a Redis repository, consider annotating your entities with one of these annotations: org.springframework.data.redis.core.RedisHash (preferred), or consider extending one of the following types with your repository: org.springframework.data.keyvalue.repository.KeyValueRepository
2026-04-18 15:37:05.632 [INFO] [restartedMain] [327] Spring Data Redis - Could not safely identify store assignment for repository candidate interface tw.idv.rainbow.web.repository.StatusRefRepository; If you want this repository to be a Redis repository, consider annotating your entities with one of these annotations: org.springframework.data.redis.core.RedisHash (preferred), or consider extending one of the following types with your repository: org.springframework.data.keyvalue.repository.KeyValueRepository
2026-04-18 15:37:05.632 [INFO] [restartedMain] [213] Finished Spring Data repository scanning in 3 ms. Found 0 Redis repository interfaces.
2026-04-18 15:37:05.954 [INFO] [restartedMain] [114] Tomcat initialized with port 8080 (http)
2026-04-18 15:37:05.961 [INFO] [restartedMain] [168] Starting service [Tomcat]
2026-04-18 15:37:05.962 [INFO] [restartedMain] [168] Starting Servlet engine: [Apache Tomcat/11.0.20]
2026-04-18 15:37:05.981 [INFO] [restartedMain] [77] Root WebApplicationContext: initialization completed in 979 ms
2026-04-18 15:37:06.008 [DEBUG] [restartedMain] [236] Filter 'jwtFilter' configured for use
2026-04-18 15:37:06.055 [INFO] [restartedMain] [109] HikariPool-1 - Starting...
2026-04-18 15:37:06.241 [INFO] [restartedMain] [580] HikariPool-1 - Added connection com.mysql.cj.jdbc.ConnectionImpl@4a6358cf
2026-04-18 15:37:06.242 [INFO] [restartedMain] [122] HikariPool-1 - Start completed.
2026-04-18 15:37:06.258 [INFO] [restartedMain] [102] HHH008540: Processing PersistenceUnitInfo [name: default]
2026-04-18 15:37:06.291 [INFO] [restartedMain] [41] HHH000001: Hibernate ORM core version 7.2.7.Final
2026-04-18 15:37:06.528 [INFO] [restartedMain] [129] No LoadTimeWeaver setup: ignoring JPA class transformer
2026-04-18 15:37:06.592 [WARN] [restartedMain] [152] HHH90000025: MySQLDialect does not need to be specified explicitly using 'hibernate.dialect' (remove the property setting and it will be selected by default)
2026-04-18 15:37:06.600 [INFO] [restartedMain] [179] HHH10001005: Database info:
	Database JDBC URL [jdbc:mysql://localhost:3307/KUMO]
	Database driver: MySQL Connector/J
	Database dialect: MySQLDialect
	Database version: 8.0.36
	Default catalog/schema: KUMO/undefined
	Autocommit mode: undefined/unknown
	Isolation level: REPEATABLE_READ [default REPEATABLE_READ]
	JDBC fetch size: none
	Pool: DataSourceConnectionProvider
	Minimum pool size: undefined/unknown
	Maximum pool size: undefined/unknown
2026-04-18 15:37:07.059 [INFO] [restartedMain] [53] HHH000489: No JTA platform available (set 'hibernate.transaction.jta.platform' to enable JTA platform integration)
2026-04-18 15:37:07.063 [INFO] [restartedMain] [464] Initialized JPA EntityManagerFactory for persistence unit 'default'
2026-04-18 15:37:07.102 [INFO] [restartedMain] [48] Hibernate is in classpath; If applicable, HQL parser will be used.
2026-04-18 15:37:07.511 [WARN] [restartedMain] [70] Can not find io.netty.resolver.dns.macos.MacOSDnsServerAddressStreamProvider in the classpath, fallback to system defaults. This may result in incorrect DNS resolutions on MacOS. Check whether you have a dependency on 'io.netty:netty-resolver-dns-native-macos'
2026-04-18 15:37:07.707 [WARN] [restartedMain] [247] spring.jpa.open-in-view is enabled by default. Therefore, database queries may be performed during view rendering. Explicitly configure spring.jpa.open-in-view to disable this warning
2026-04-18 15:37:07.720 [WARN] [restartedMain] [83] 

Using generated security password: eb269998-5c0b-4ad0-a619-7bed0a87e6c1

This generated password is for development use only. Your security configuration must be updated before running your application in production.

2026-04-18 15:37:07.725 [INFO] [restartedMain] [110] Global AuthenticationManager configured with UserDetailsService bean with name inMemoryUserDetailsManager
2026-04-18 15:37:08.002 [INFO] [restartedMain] [48] Failed to set up a Bean Validation provider: jakarta.validation.NoProviderFoundException: Unable to create a Configuration, because no Jakarta Validation provider could be found. Add a provider like Hibernate Validator (RI) to your classpath.
2026-04-18 15:37:08.196 [INFO] [restartedMain] [117] Starting...
2026-04-18 15:37:08.196 [INFO] [restartedMain] [117] BrokerAvailabilityEvent[available=true, SimpleBrokerMessageHandler [org.springframework.messaging.simp.broker.DefaultSubscriptionRegistry@7a57e891]]
2026-04-18 15:37:08.196 [INFO] [restartedMain] [117] Started.
2026-04-18 15:37:08.206 [INFO] [restartedMain] [240] Tomcat started on port 8080 (http) with context path '/kumo/api'
2026-04-18 15:37:08.212 [INFO] [restartedMain] [60] Started KumoApplication in 3.49 seconds (process running for 4.545)
2026-04-18 15:37:16.124 [INFO] [http-nio-8080-exec-1] [168] Initializing Spring DispatcherServlet 'dispatcherServlet'
2026-04-18 15:37:16.125 [INFO] [http-nio-8080-exec-1] [523] Initializing Servlet 'dispatcherServlet'
2026-04-18 15:37:16.133 [INFO] [http-nio-8080-exec-1] [545] Completed initialization in 8 ms
2026-04-18 15:37:16.149 [WARN] [http-nio-8080-exec-1] [522] Cache miss for REQUEST dispatch to '/kumo/api/swagger-ui/index.html' (previous null). Performing CorsConfiguration lookup. This is logged once only at WARN level, and every time at TRACE.
2026-04-18 15:37:17.138 [INFO] [http-nio-8080-exec-9] [390] Init duration for springdoc-openapi is: 307 ms
2026-04-18 15:37:58.561 [INFO] [File Watcher] [214] Restarting due to 1 class path change (0 additions, 0 deletions, 1 modification)
2026-04-18 15:37:58.594 [INFO] [Thread-1] [54] Commencing graceful shutdown. Waiting for active requests to complete
2026-04-18 15:37:58.600 [INFO] [tomcat-shutdown] [76] Graceful shutdown complete
2026-04-18 15:37:58.603 [INFO] [Thread-1] [117] Stopping...
2026-04-18 15:37:58.604 [INFO] [Thread-1] [117] BrokerAvailabilityEvent[available=false, SimpleBrokerMessageHandler [org.springframework.messaging.simp.broker.DefaultSubscriptionRegistry@7a57e891]]
2026-04-18 15:37:58.604 [INFO] [Thread-1] [117] Stopped.
2026-04-18 15:37:58.624 [INFO] [Thread-1] [693] Closing JPA EntityManagerFactory for persistence unit 'default'
2026-04-18 15:37:58.633 [INFO] [Thread-1] [349] HikariPool-1 - Shutdown initiated...
2026-04-18 15:37:58.648 [INFO] [Thread-1] [351] HikariPool-1 - Shutdown completed.
2026-04-18 15:37:58.763 [INFO] [restartedMain] [54] Starting KumoApplication using Java 17.0.16 with PID 44578 (/Users/Rainbow_1/IdeaProjects/kumo/target/classes started by pipishrimp in /Users/Rainbow_1/IdeaProjects/kumo)
2026-04-18 15:37:58.764 [DEBUG] [restartedMain] [55] Running with Spring Boot v4.0.5, Spring v7.0.6
2026-04-18 15:37:58.764 [INFO] [restartedMain] [652] No active profile set, falling back to 1 default profile: "default"
2026-04-18 15:37:58.911 [INFO] [restartedMain] [291] Multiple Spring Data modules found, entering strict repository configuration mode
2026-04-18 15:37:58.911 [INFO] [restartedMain] [145] Bootstrapping Spring Data JPA repositories in DEFAULT mode.
2026-04-18 15:37:58.920 [INFO] [restartedMain] [213] Finished Spring Data repository scanning in 7 ms. Found 4 JPA repository interfaces.
2026-04-18 15:37:58.925 [INFO] [restartedMain] [291] Multiple Spring Data modules found, entering strict repository configuration mode
2026-04-18 15:37:58.925 [INFO] [restartedMain] [145] Bootstrapping Spring Data Redis repositories in DEFAULT mode.
2026-04-18 15:37:58.927 [INFO] [restartedMain] [327] Spring Data Redis - Could not safely identify store assignment for repository candidate interface tw.idv.rainbow.web.repository.CampaignsRepository; If you want this repository to be a Redis repository, consider annotating your entities with one of these annotations: org.springframework.data.redis.core.RedisHash (preferred), or consider extending one of the following types with your repository: org.springframework.data.keyvalue.repository.KeyValueRepository
2026-04-18 15:37:58.928 [INFO] [restartedMain] [327] Spring Data Redis - Could not safely identify store assignment for repository candidate interface tw.idv.rainbow.web.repository.ConnectLogsRepository; If you want this repository to be a Redis repository, consider annotating your entities with one of these annotations: org.springframework.data.redis.core.RedisHash (preferred), or consider extending one of the following types with your repository: org.springframework.data.keyvalue.repository.KeyValueRepository
2026-04-18 15:37:58.928 [INFO] [restartedMain] [327] Spring Data Redis - Could not safely identify store assignment for repository candidate interface tw.idv.rainbow.web.repository.DevicesRepository; If you want this repository to be a Redis repository, consider annotating your entities with one of these annotations: org.springframework.data.redis.core.RedisHash (preferred), or consider extending one of the following types with your repository: org.springframework.data.keyvalue.repository.KeyValueRepository
2026-04-18 15:37:58.928 [INFO] [restartedMain] [327] Spring Data Redis - Could not safely identify store assignment for repository candidate interface tw.idv.rainbow.web.repository.StatusRefRepository; If you want this repository to be a Redis repository, consider annotating your entities with one of these annotations: org.springframework.data.redis.core.RedisHash (preferred), or consider extending one of the following types with your repository: org.springframework.data.keyvalue.repository.KeyValueRepository
2026-04-18 15:37:58.928 [INFO] [restartedMain] [213] Finished Spring Data repository scanning in 1 ms. Found 0 Redis repository interfaces.
2026-04-18 15:37:58.988 [INFO] [restartedMain] [114] Tomcat initialized with port 8080 (http)
2026-04-18 15:37:58.988 [INFO] [restartedMain] [168] Starting service [Tomcat]
2026-04-18 15:37:58.988 [INFO] [restartedMain] [168] Starting Servlet engine: [Apache Tomcat/11.0.20]
2026-04-18 15:37:58.994 [INFO] [restartedMain] [77] Root WebApplicationContext: initialization completed in 229 ms
2026-04-18 15:37:59.003 [DEBUG] [restartedMain] [236] Filter 'jwtFilter' configured for use
2026-04-18 15:37:59.015 [INFO] [restartedMain] [109] HikariPool-2 - Starting...
2026-04-18 15:37:59.064 [INFO] [restartedMain] [580] HikariPool-2 - Added connection com.mysql.cj.jdbc.ConnectionImpl@4b1babea
2026-04-18 15:37:59.064 [INFO] [restartedMain] [122] HikariPool-2 - Start completed.
2026-04-18 15:37:59.065 [INFO] [restartedMain] [102] HHH008540: Processing PersistenceUnitInfo [name: default]
2026-04-18 15:37:59.080 [INFO] [restartedMain] [129] No LoadTimeWeaver setup: ignoring JPA class transformer
2026-04-18 15:37:59.082 [WARN] [restartedMain] [152] HHH90000025: MySQLDialect does not need to be specified explicitly using 'hibernate.dialect' (remove the property setting and it will be selected by default)
2026-04-18 15:37:59.083 [INFO] [restartedMain] [179] HHH10001005: Database info:
	Database JDBC URL [jdbc:mysql://localhost:3307/KUMO]
	Database driver: MySQL Connector/J
	Database dialect: MySQLDialect
	Database version: 8.0.36
	Default catalog/schema: KUMO/undefined
	Autocommit mode: undefined/unknown
	Isolation level: REPEATABLE_READ [default REPEATABLE_READ]
	JDBC fetch size: none
	Pool: DataSourceConnectionProvider
	Minimum pool size: undefined/unknown
	Maximum pool size: undefined/unknown
2026-04-18 15:37:59.134 [INFO] [restartedMain] [53] HHH000489: No JTA platform available (set 'hibernate.transaction.jta.platform' to enable JTA platform integration)
2026-04-18 15:37:59.134 [INFO] [restartedMain] [464] Initialized JPA EntityManagerFactory for persistence unit 'default'
2026-04-18 15:37:59.243 [WARN] [restartedMain] [247] spring.jpa.open-in-view is enabled by default. Therefore, database queries may be performed during view rendering. Explicitly configure spring.jpa.open-in-view to disable this warning
2026-04-18 15:37:59.249 [WARN] [restartedMain] [83] 

Using generated security password: 91e0b805-5004-4c44-a010-47312be5bf95

This generated password is for development use only. Your security configuration must be updated before running your application in production.

2026-04-18 15:37:59.250 [INFO] [restartedMain] [110] Global AuthenticationManager configured with UserDetailsService bean with name inMemoryUserDetailsManager
2026-04-18 15:37:59.301 [INFO] [restartedMain] [48] Failed to set up a Bean Validation provider: jakarta.validation.NoProviderFoundException: Unable to create a Configuration, because no Jakarta Validation provider could be found. Add a provider like Hibernate Validator (RI) to your classpath.
2026-04-18 15:37:59.383 [INFO] [restartedMain] [117] Starting...
2026-04-18 15:37:59.387 [INFO] [restartedMain] [117] BrokerAvailabilityEvent[available=true, SimpleBrokerMessageHandler [org.springframework.messaging.simp.broker.DefaultSubscriptionRegistry@6d4d0a0d]]
2026-04-18 15:37:59.387 [INFO] [restartedMain] [117] Started.
2026-04-18 15:37:59.390 [INFO] [restartedMain] [240] Tomcat started on port 8080 (http) with context path '/kumo/api'
2026-04-18 15:37:59.395 [INFO] [restartedMain] [60] Started KumoApplication in 0.648 seconds (process running for 55.73)
2026-04-18 15:37:59.398 [INFO] [restartedMain] [66] Condition evaluation unchanged
2026-04-18 15:38:11.197 [INFO] [http-nio-8080-exec-1] [168] Initializing Spring DispatcherServlet 'dispatcherServlet'
2026-04-18 15:38:11.198 [INFO] [http-nio-8080-exec-1] [523] Initializing Servlet 'dispatcherServlet'
2026-04-18 15:38:11.207 [INFO] [http-nio-8080-exec-1] [545] Completed initialization in 8 ms
2026-04-18 15:38:11.209 [WARN] [http-nio-8080-exec-1] [522] Cache miss for REQUEST dispatch to '/kumo/api/login' (previous null). Performing CorsConfiguration lookup. This is logged once only at WARN level, and every time at TRACE.
2026-04-18 15:38:59.405 [INFO] [MessageBroker-1] [147] WebSocketSession[0 current WS(0)-HttpStream(0)-HttpPoll(0), 0 total, 0 closed abnormally (0 connect failure, 0 send limit, 0 transport error)], stompSubProtocol[processed CONNECT(0)-CONNECTED(0)-DISCONNECT(0)], stompBrokerRelay[null], inboundChannel[pool size = 0, active threads = 0, queued tasks = 0, completed tasks = 0], outboundChannel[pool size = 0, active threads = 0, queued tasks = 0, completed tasks = 0], sockJsScheduler[pool size = 1, active threads = 1, queued tasks = 0, completed tasks = 0]
2026-04-18 15:54:37.092 [INFO] [SpringApplicationShutdownHook] [54] Commencing graceful shutdown. Waiting for active requests to complete
2026-04-18 15:54:37.194 [INFO] [tomcat-shutdown] [76] Graceful shutdown complete
2026-04-18 15:54:37.220 [INFO] [SpringApplicationShutdownHook] [117] Stopping...
2026-04-18 15:54:37.225 [INFO] [SpringApplicationShutdownHook] [117] BrokerAvailabilityEvent[available=false, SimpleBrokerMessageHandler [org.springframework.messaging.simp.broker.DefaultSubscriptionRegistry@6d4d0a0d]]
2026-04-18 15:54:37.225 [INFO] [SpringApplicationShutdownHook] [117] Stopped.
2026-04-18 15:54:37.289 [INFO] [SpringApplicationShutdownHook] [693] Closing JPA EntityManagerFactory for persistence unit 'default'
2026-04-18 15:54:37.333 [INFO] [SpringApplicationShutdownHook] [349] HikariPool-2 - Shutdown initiated...
2026-04-18 15:54:37.360 [INFO] [SpringApplicationShutdownHook] [351] HikariPool-2 - Shutdown completed.
